Date;AccountKey;Actual
2022-01-01;001.001.001.001;22549842.8
2022-01-01;001.001.002.002;7110437.37
2022-01-01;001.001.003.003;474113.79
2022-01-01;001.002.001.001;30000
2022-01-01;001.002.002.002;20000
2022-01-01;002.001.001.001;-134625.75
2022-01-01;002.003.001.001;-124017.84
2022-01-01;002.003.002.002;-67014.63
2022-01-01;002.004.001.001;-5433190.91
2022-01-01;002.005.001.001;-2294013.94
2022-01-01;002.005.002.002;-498042.5
2022-01-01;002.005.003.003;-56582.87
2022-01-01;004.001.001.001;-4141298.84
2022-01-01;004.001.001.002;-41412.97
2022-01-01;004.001.001.003;-117336.79
2022-01-01;004.001.001.004;-348559.31
2022-01-01;004.001.001.005;-41412.97
2022-01-01;004.001.001.006;-41412.97
2022-01-01;004.001.002.007;-331303.9
2022-01-01;004.001.002.008;-455542.86
2022-01-01;004.001.002.009;-4141.28
2022-01-01;004.001.003.010;-248477.92
2022-01-01;004.001.003.011;-331303.9
2022-01-01;004.001.003.012;-165651.94
2022-01-01;004.002.001.001;-4180425.09
2022-01-01;004.002.002.002;-1672169.93
2022-01-01;004.002.003.003;-3344340.04
2022-01-01;004.003.001.001;-501650.99
2022-01-01;004.003.002.002;-501650.89
2022-01-01;004.003.003.003;-2006604.08
2022-01-01;004.003.004.004;-16721.56
2022-01-01;006.001.001.001;-621194.81
2022-01-01;006.001.001.002;-18635.83
2022-01-01;006.001.001.003;-17600.51
2022-01-01;006.001.001.004;-51766.22
2022-01-01;006.001.001.005;-24847.78
2022-01-01;006.001.001.006;-6211.93
2022-01-01;006.001.002.007;-49695.57
2022-01-01;006.001.002.008;-80755.32
2022-01-01;006.001.002.009;-683.3
2022-01-01;006.001.003.010;-37271.68
2022-01-01;006.001.003.011;-93179.21
2022-01-01;006.001.003.012;-24847.78
2022-01-01;006.002.001.001;-167216.87
2022-01-01;006.002.002.002;-66886.68
2022-01-01;006.003.001.001;-40131.91
2022-01-01;006.003.002.002;-81936.18
2022-01-01;006.003.003.003;-78591.83
2022-01-01;006.004.001.001;-185610.73
2022-01-01;006.005.001.001;-336106.04
2022-01-01;006.005.002.002;-73575.33
2022-01-01;006.005.003.003;-10032.86
2022-01-01;006.005.004.004;-118723.91
2022-01-01;006.005.005.005;-21738.07
2022-01-01;006.005.006.006;-90297.05
2022-01-01;008.001.001.001;-4014.51
2022-01-01;008.001.002.002;-4437.08
2022-01-01;008.002.001.001;19016.16
2022-01-01;008.002.002.002;33806.49
2022-01-01;008.003.001.001;-1479
2022-01-01;010.001.001.001;-407489.32
2022-01-01;010.001.002.002;-353157.41
2022-02-01;001.001.001.001;21847975.82
2022-02-01;001.001.002.002;7328621.62
2022-02-01;001.001.003.003;432530.34
2022-02-01;001.002.001.001;30000
2022-02-01;001.002.002.002;20000
2022-02-01;002.001.001.001;-101719.37
2022-02-01;002.003.001.001;-118400.11
2022-02-01;002.003.002.002;-53269.08
2022-02-01;002.004.001.001;-5338643
2022-02-01;002.005.001.001;-2254093.71
2022-02-01;002.005.002.002;-489375.61
2022-02-01;002.005.003.003;-46320.51
2022-02-01;004.001.001.001;-3662309.09
2022-02-01;004.001.001.002;-73246.18
2022-02-01;004.001.001.003;-103765.41
2022-02-01;004.001.001.004;-305192.41
2022-02-01;004.001.001.005;-73246.18
2022-02-01;004.001.001.006;-73246.18
2022-02-01;004.001.002.007;-292984.72
2022-02-01;004.001.002.008;-402853.99
2022-02-01;004.001.002.009;-5859.68
2022-02-01;004.001.003.010;-256361.63
2022-02-01;004.001.003.011;-366230.9
2022-02-01;004.001.003.012;-183115.45
2022-02-01;004.002.001.001;-4860370.55
2022-02-01;004.002.002.002;-1620123.46
2022-02-01;004.002.003.003;-2916222.28
2022-02-01;004.003.001.001;-486037.03
2022-02-01;004.003.002.002;-324024.56
2022-02-01;004.003.003.003;-1620123.54
2022-02-01;004.003.004.004;-16201.08
2022-02-01;006.001.001.001;-1017308.07
2022-02-01;006.001.001.002;-20346.15
2022-02-01;006.001.001.003;-27975.97
2022-02-01;006.001.001.004;-85623.42
2022-02-01;006.001.001.005;-40692.31
2022-02-01;006.001.001.006;-10173.07
2022-02-01;006.001.002.007;-81384.63
2022-02-01;006.001.002.008;-122076.96
2022-02-01;006.001.002.009;-1424.22
2022-02-01;006.001.003.010;-61038.47
2022-02-01;006.001.003.011;-132250.04
2022-02-01;006.001.003.012;-61038.47
2022-02-01;006.002.001.001;-162012.2
2022-02-01;006.002.002.002;-81006.02
2022-02-01;006.003.001.001;-38882.81
2022-02-01;006.003.002.002;-69665.16
2022-02-01;006.003.003.003;-74525.54
2022-02-01;006.004.001.001;-173353.08
2022-02-01;006.005.001.001;-336985.57
2022-02-01;006.005.002.002;-66424.93
2022-02-01;006.005.003.003;-12960.84
2022-02-01;006.005.004.004;-149051.21
2022-02-01;006.005.005.005;-19441.32
2022-02-01;006.005.006.006;-98827.37
2022-02-01;008.001.001.001;-3114.19
2022-02-01;008.001.002.002;-1038.05
2022-02-01;008.002.001.001;56055.73
2022-02-01;008.002.002.002;49827.31
2022-02-01;008.003.001.001;-4775.1
2022-02-01;010.001.001.001;-355909.53
2022-02-01;010.001.002.002;-320318.58
2022-03-01;001.001.001.001;22035060.25
2022-03-01;001.001.002.002;7194033.37
2022-03-01;001.001.003.003;449255.43
2022-03-01;001.002.001.001;30000
2022-03-01;001.002.002.002;20000
2022-03-01;002.001.001.001;-126621.65
2022-03-01;002.003.001.001;-116099.45
2022-03-01;002.003.002.002;-42429.15
2022-03-01;002.004.001.001;-5351102.83
2022-03-01;002.005.001.001;-2259354.53
2022-03-01;002.005.002.002;-490517.76
2022-03-01;002.005.003.003;-55694.13
2022-03-01;004.001.001.001;-3670856.53
2022-03-01;004.001.001.002;-73417.12
2022-03-01;004.001.001.003;-104007.59
2022-03-01;004.001.001.004;-305904.7
2022-03-01;004.001.001.005;-36708.55
2022-03-01;004.001.001.006;-73417.12
2022-03-01;004.001.002.007;-293668.51
2022-03-01;004.001.002.008;-330377.08
2022-03-01;004.001.002.009;-8810.04
2022-03-01;004.001.003.010;-256959.94
2022-03-01;004.001.003.011;-293668.51
2022-03-01;004.001.003.012;-146834.25
2022-03-01;004.002.001.001;-4575190.63
2022-03-01;004.002.002.002;-1960795.88
2022-03-01;004.002.003.003;-3104593.58
2022-03-01;004.003.001.001;-490198.97
2022-03-01;004.003.002.002;-490198.84
2022-03-01;004.003.003.003;-1633996.67
2022-03-01;004.003.004.004;-32679.77
2022-03-01;006.001.001.001;-815745.89
2022-03-01;006.001.001.002;-24472.36
2022-03-01;006.001.001.003;-22433
2022-03-01;006.001.001.004;-68658.6
2022-03-01;006.001.001.005;-40787.28
2022-03-01;006.001.001.006;-8157.45
2022-03-01;006.001.002.007;-65259.66
2022-03-01;006.001.002.008;-89732.04
2022-03-01;006.001.002.009;-815.74
2022-03-01;006.001.003.010;-57102.19
2022-03-01;006.001.003.011;-89732.04
2022-03-01;006.001.003.012;-32629.82
2022-03-01;006.002.001.001;-163399.52
2022-03-01;006.002.002.002;-65359.69
2022-03-01;006.003.001.001;-35947.8
2022-03-01;006.003.002.002;-81699.64
2022-03-01;006.003.003.003;-75163.7
2022-03-01;006.004.001.001;-169935.52
2022-03-01;006.005.001.001;-336603.18
2022-03-01;006.005.002.002;-73529.69
2022-03-01;006.005.003.003;-9803.84
2022-03-01;006.005.004.004;-98039.65
2022-03-01;006.005.005.005;-21241.79
2022-03-01;006.005.006.006;-98039.65
2022-03-01;008.001.001.001;-2497.16
2022-03-01;008.001.002.002;-3121.46
2022-03-01;008.002.001.001;6242.96
2022-03-01;008.002.002.002;45781.62
2022-03-01;008.003.001.001;-2705.27
2022-03-01;010.001.001.001;-356740.19
2022-03-01;010.001.002.002;-294310.66
2022-04-01;001.001.001.001;36192005.46
2022-04-01;001.001.002.002;11004738.69
2022-04-01;001.001.003.003;649724.17
2022-04-01;001.002.001.001;30000
2022-04-01;001.002.002.002;20000
2022-04-01;002.001.001.001;-231238.17
2022-04-01;002.003.001.001;-201281
2022-04-01;002.003.002.002;-121372.21
2022-04-01;002.004.001.001;-8621364.3
2022-04-01;002.005.001.001;-3640131.59
2022-04-01;002.005.002.002;-790291.73
2022-04-01;002.005.003.003;-82461.84
2022-04-01;004.001.001.001;-6571395.44
2022-04-01;004.001.001.002;-131427.89
2022-04-01;004.001.001.003;-180713.36
2022-04-01;004.001.001.004;-542140.11
2022-04-01;004.001.001.005;-65713.94
2022-04-01;004.001.001.006;-131427.89
2022-04-01;004.001.002.007;-525711.63
2022-04-01;004.001.002.008;-657139.53
2022-04-01;004.001.002.009;-10514.22
2022-04-01;004.001.003.010;-459997.67
2022-04-01;004.001.003.011;-591425.58
2022-04-01;004.001.003.012;-328569.76
2022-04-01;004.002.001.001;-6709491.1
2022-04-01;004.002.002.002;-3220555.63
2022-04-01;004.002.003.003;-4830833.55
2022-04-01;004.003.001.001;-536759.27
2022-04-01;004.003.002.002;-805138.8
2022-04-01;004.003.003.003;-2683796.46
2022-04-01;004.003.004.004;-53675.77
2022-04-01;006.001.001.001;-985709.3
2022-04-01;006.001.001.002;-9857.08
2022-04-01;006.001.001.003;-27928.42
2022-04-01;006.001.001.004;-81321
2022-04-01;006.001.001.005;-49285.46
2022-04-01;006.001.001.006;-9857.08
2022-04-01;006.001.002.007;-78856.73
2022-04-01;006.001.002.008;-128142.2
2022-04-01;006.001.002.009;-985.7
2022-04-01;006.001.003.010;-68999.64
2022-04-01;006.001.003.011;-98570.92
2022-04-01;006.001.003.012;-49285.46
2022-04-01;006.002.001.001;-268379.52
2022-04-01;006.002.002.002;-134189.69
2022-04-01;006.003.001.001;-53675.79
2022-04-01;006.003.002.002;-131505.89
2022-04-01;006.003.003.003;-126138.29
2022-04-01;006.004.001.001;-295217.48
2022-04-01;006.005.001.001;-563597.08
2022-04-01;006.005.002.002;-107351.71
2022-04-01;006.005.003.003;-13418.83
2022-04-01;006.005.004.004;-233490.19
2022-04-01;006.005.005.005;-29521.61
2022-04-01;006.005.006.006;-144924.85
2022-04-01;008.001.001.001;-5364.38
2022-04-01;008.001.002.002;-6370.2
2022-04-01;008.002.001.001;130757.33
2022-04-01;008.002.002.002;100582.54
2022-04-01;008.003.001.001;-5029.1
2022-04-01;010.001.001.001;-574757.62
2022-04-01;010.001.002.002;-474175.04
2022-05-01;001.001.001.001;36896424.66
2022-05-01;001.001.002.002;11308011.1
2022-05-01;001.001.003.003;644132.15
2022-05-01;001.002.001.001;30000
2022-05-01;001.002.002.002;20000
2022-05-01;002.001.001.001;-244103.21
2022-05-01;002.003.001.001;-198956.22
2022-05-01;002.003.002.002;-103583.58
2022-05-01;002.004.001.001;-8801742.22
2022-05-01;002.005.001.001;-3716291.16
2022-05-01;002.005.002.002;-806826.37
2022-05-01;002.005.003.003;-94928.71
2022-05-01;004.001.001.001;-6037995.15
2022-05-01;004.001.001.002;-181139.84
2022-05-01;004.001.001.003;-171076.52
2022-05-01;004.001.001.004;-508197.92
2022-05-01;004.001.001.005;-60379.94
2022-05-01;004.001.001.006;-120759.89
2022-05-01;004.001.002.007;-483039.59
2022-05-01;004.001.002.008;-664179.45
2022-05-01;004.001.002.009;-10868.38
2022-05-01;004.001.003.010;-362279.7
2022-05-01;004.001.003.011;-483039.59
2022-05-01;004.001.003.012;-301899.75
2022-05-01;004.002.001.001;-8208096.7
2022-05-01;004.002.002.002;-2736032.15
2022-05-01;004.002.003.003;-5198461.2
2022-05-01;004.003.001.001;-820809.65
2022-05-01;004.003.002.002;-547206.3
2022-05-01;004.003.003.003;-3009635.48
2022-05-01;004.003.004.004;-27360.18
2022-05-01;006.001.001.001;-1677220.87
2022-05-01;006.001.001.002;-50316.62
2022-05-01;006.001.001.003;-47521.24
2022-05-01;006.001.001.004;-138370.71
2022-05-01;006.001.001.005;-67088.83
2022-05-01;006.001.001.006;-16772.2
2022-05-01;006.001.002.007;-134177.66
2022-05-01;006.001.002.008;-234810.91
2022-05-01;006.001.002.009;-2348.09
2022-05-01;006.001.003.010;-117405.45
2022-05-01;006.001.003.011;-234810.91
2022-05-01;006.001.003.012;-100633.25
2022-05-01;006.002.001.001;-273603.08
2022-05-01;006.002.002.002;-109441.14
2022-05-01;006.003.001.001;-57456.52
2022-05-01;006.003.002.002;-136801.47
2022-05-01;006.003.003.003;-125857.35
2022-05-01;006.004.001.001;-303699.47
2022-05-01;006.005.001.001;-571830.6
2022-05-01;006.005.002.002;-120385.25
2022-05-01;006.005.003.003;-16416.03
2022-05-01;006.005.004.004;-164161.8
2022-05-01;006.005.005.005;-27360.16
2022-05-01;006.005.006.006;-164161.81
2022-05-01;008.001.001.001;-5134.32
2022-05-01;008.001.002.002;-4107.45
2022-05-01;008.002.001.001;20537.4
2022-05-01;008.002.002.002;82149.56
2022-05-01;008.003.001.001;-5476.61
2022-05-01;010.001.001.001;-660130.67
2022-05-01;010.001.002.002;-572113.24
2022-06-01;001.001.001.001;36580042.12
2022-06-01;001.001.002.002;11070499.21
2022-06-01;001.001.003.003;648895.64
2022-06-01;001.002.001.001;30000
2022-06-01;001.002.002.002;20000
2022-06-01;002.001.001.001;-221567
2022-06-01;002.003.001.001;-194934.96
2022-06-01;002.003.002.002;-76328.55
2022-06-01;002.004.001.001;-8702898.65
2022-06-01;002.005.001.001;-3674557.21
2022-06-01;002.005.002.002;-797765.71
2022-06-01;002.005.003.003;-80730.13
2022-06-01;004.001.001.001;-6301865.6
2022-06-01;004.001.001.002;-126037.31
2022-06-01;004.001.001.003;-173301.29
2022-06-01;004.001.001.004;-525155.46
2022-06-01;004.001.001.005;-63018.65
2022-06-01;004.001.001.006;-63018.65
2022-06-01;004.001.002.007;-504149.24
2022-06-01;004.001.002.008;-630186.55
2022-06-01;004.001.002.009;-5671.67
2022-06-01;004.001.003.010;-378111.93
2022-06-01;004.001.003.011;-504149.24
2022-06-01;004.001.003.012;-315093.27
2022-06-01;004.002.001.001;-7866456.11
2022-06-01;004.002.002.002;-2712570.96
2022-06-01;004.002.003.003;-5153885.01
2022-06-01;004.003.001.001;-542514.19
2022-06-01;004.003.002.002;-813771.18
2022-06-01;004.003.003.003;-3255085.31
2022-06-01;004.003.004.004;-27125.57
2022-06-01;006.001.001.001;-1658385.67
2022-06-01;006.001.001.002;-49751.56
2022-06-01;006.001.001.003;-45605.59
2022-06-01;006.001.001.004;-136816.81
2022-06-01;006.001.001.005;-82919.27
2022-06-01;006.001.001.006;-16583.84
2022-06-01;006.001.002.007;-132670.84
2022-06-01;006.001.002.008;-165838.55
2022-06-01;006.001.002.009;-2321.73
2022-06-01;006.001.003.010;-99503.13
2022-06-01;006.001.003.011;-199006.27
2022-06-01;006.001.003.012;-82919.27
2022-06-01;006.002.001.001;-271256.98
2022-06-01;006.002.002.002;-135628.43
2022-06-01;006.003.001.001;-65101.53
2022-06-01;006.003.002.002;-119353.01
2022-06-01;006.003.003.003;-122065.54
2022-06-01;006.004.001.001;-303807.82
2022-06-01;006.005.001.001;-561502.07
2022-06-01;006.005.002.002;-113927.83
2022-06-01;006.005.003.003;-24412.97
2022-06-01;006.005.004.004;-214292.97
2022-06-01;006.005.005.005;-29838.12
2022-06-01;006.005.006.006;-170891.81
2022-06-01;008.001.001.001;-6768.89
2022-06-01;008.001.002.002;-4399.77
2022-06-01;008.002.001.001;20306.76
2022-06-01;008.002.002.002;94764.86
2022-06-01;008.003.001.001;-6768.9
2022-06-01;010.001.001.001;-507669.09
2022-06-01;010.001.002.002;-522173.92
2022-07-01;001.001.001.001;35722104.1
2022-07-01;001.001.002.002;10836345.04
2022-07-01;001.001.003.003;643065.33
2022-07-01;001.002.001.001;30000
2022-07-01;001.002.002.002;20000
2022-07-01;002.001.001.001;-204077.1
2022-07-01;002.003.001.001;-185534.58
2022-07-01;002.003.002.002;-82436.17
2022-07-01;002.004.001.001;-8505272.6
2022-07-01;002.005.001.001;-3591115.1
2022-07-01;002.005.002.002;-779649.99
2022-07-01;002.005.003.003;-89364.98
2022-07-01;004.001.001.001;-6482907.77
2022-07-01;004.001.001.002;-64829.06
2022-07-01;004.001.001.003;-183682.38
2022-07-01;004.001.001.004;-540242.3
2022-07-01;004.001.001.005;-64829.06
2022-07-01;004.001.001.006;-64829.06
2022-07-01;004.001.002.007;-518632.62
2022-07-01;004.001.002.008;-583461.69
2022-07-01;004.001.002.009;-6482.9
2022-07-01;004.001.003.010;-388974.45
2022-07-01;004.001.003.011;-648290.76
2022-07-01;004.001.003.012;-259316.3
2022-07-01;004.002.001.001;-6887273.12
2022-07-01;004.002.002.002;-3178741.34
2022-07-01;004.002.003.003;-5033007.22
2022-07-01;004.003.001.001;-529790.21
2022-07-01;004.003.002.002;-794685.23
2022-07-01;004.003.003.003;-2648951.22
2022-07-01;004.003.004.004;-26489.36
2022-07-01;006.001.001.001;-972436.16
2022-07-01;006.001.001.002;-9724.35
2022-07-01;006.001.001.003;-27552.34
2022-07-01;006.001.001.004;-80225.97
2022-07-01;006.001.001.005;-48621.79
2022-07-01;006.001.001.006;-9724.35
2022-07-01;006.001.002.007;-77794.88
2022-07-01;006.001.002.008;-106967.97
2022-07-01;006.001.002.009;-875.18
2022-07-01;006.001.003.010;-58346.16
2022-07-01;006.001.003.011;-145865.41
2022-07-01;006.001.003.012;-58346.16
2022-07-01;006.002.001.001;-264894.97
2022-07-01;006.002.002.002;-132447.39
2022-07-01;006.003.001.001;-52978.88
2022-07-01;006.003.002.002;-105957.92
2022-07-01;006.003.003.003;-124500.57
2022-07-01;006.004.001.001;-301980.29
2022-07-01;006.005.001.001;-553630.67
2022-07-01;006.005.002.002;-105957.93
2022-07-01;006.005.003.003;-21191.47
2022-07-01;006.005.004.004;-235756.52
2022-07-01;006.005.005.005;-39734.12
2022-07-01;006.005.006.006;-164234.83
2022-07-01;008.001.001.001;-4630.62
2022-07-01;008.001.002.002;-5953.67
2022-07-01;008.002.001.001;39691.26
2022-07-01;008.002.002.002;59536.89
2022-07-01;008.003.001.001;-4299.87
2022-07-01;010.001.001.001;-496140.9
2022-07-01;010.001.002.002;-552842.72
2022-08-01;001.001.001.001;35720307.54
2022-08-01;001.001.002.002;10872906.1
2022-08-01;001.001.003.003;642036.72
2022-08-01;001.002.001.001;30000
2022-08-01;001.002.002.002;20000
2022-08-01;002.001.001.001;-233337.97
2022-08-01;002.003.001.001;-191047.78
2022-08-01;002.003.002.002;-99951.81
2022-08-01;002.004.001.001;-8511345.06
2022-08-01;002.005.001.001;-3593679.03
2022-08-01;002.005.002.002;-780206.63
2022-08-01;002.005.003.003;-99373.95
2022-08-01;004.001.001.001;-6487536.33
2022-08-01;004.001.001.002;-194626.08
2022-08-01;004.001.001.003;-183813.52
2022-08-01;004.001.001.004;-535221.74
2022-08-01;004.001.001.005;-129750.72
2022-08-01;004.001.001.006;-129750.72
2022-08-01;004.001.002.007;-519002.9
2022-08-01;004.001.002.008;-519002.9
2022-08-01;004.001.002.009;-14272.57
2022-08-01;004.001.003.010;-454127.54
2022-08-01;004.001.003.011;-648753.63
2022-08-01;004.001.003.012;-389252.17
2022-08-01;004.002.001.001;-6886926.73
2022-08-01;004.002.002.002;-2913699.63
2022-08-01;004.002.003.003;-5032754.08
2022-08-01;004.003.001.001;-794645.37
2022-08-01;004.003.002.002;-529763.45
2022-08-01;004.003.003.003;-2648817.99
2022-08-01;004.003.004.004;-26488.02
2022-08-01;006.001.001.001;-1621884.07
2022-08-01;006.001.001.002;-16218.83
2022-08-01;006.001.001.003;-45953.37
2022-08-01;006.001.001.004;-135156.99
2022-08-01;006.001.001.005;-81094.19
2022-08-01;006.001.001.006;-16218.83
2022-08-01;006.001.002.007;-129750.72
2022-08-01;006.001.002.008;-145969.55
2022-08-01;006.001.002.009;-1621.88
2022-08-01;006.001.003.010;-113531.87
2022-08-01;006.001.003.011;-194626.08
2022-08-01;006.001.003.012;-64875.36
2022-08-01;006.002.001.001;-264881.67
2022-08-01;006.002.002.002;-132440.77
2022-08-01;006.003.001.001;-63571.48
2022-08-01;006.003.002.002;-127143.11
2022-08-01;006.003.003.003;-121845.49
2022-08-01;006.004.001.001;-283423.41
2022-08-01;006.005.001.001;-535061.1
2022-08-01;006.005.002.002;-108601.37
2022-08-01;006.005.003.003;-15892.76
2022-08-01;006.005.004.004;-180119.49
2022-08-01;006.005.005.005;-29136.84
2022-08-01;006.005.006.006;-180119.49
2022-08-01;008.001.001.001;-4302.94
2022-08-01;008.001.002.002;-3640.94
2022-08-01;008.002.001.001;-49649.53
2022-08-01;008.002.002.002;26479.73
2022-08-01;008.003.001.001;-2647.96
2022-08-01;010.001.001.001;-567423
2022-08-01;010.001.002.002;-468123.98
2022-09-01;001.001.001.001;34946834.12
2022-09-01;001.001.002.002;10852725.67
2022-09-01;001.001.003.003;646188.63
2022-09-01;001.002.001.001;30000
2022-09-01;001.002.002.002;20000
2022-09-01;002.001.001.001;-203240.21
2022-09-01;002.003.001.001;-190728.45
2022-09-01;002.003.002.002;-107030.3
2022-09-01;002.004.001.001;-8369234.72
2022-09-01;002.005.001.001;-3533676.88
2022-09-01;002.005.002.002;-767179.85
2022-09-01;002.005.003.003;-92151.1
2022-09-01;004.001.001.001;-5741295
2022-09-01;004.001.001.002;-172238.84
2022-09-01;004.001.001.003;-162670.01
2022-09-01;004.001.001.004;-478441.24
2022-09-01;004.001.001.005;-57412.93
2022-09-01;004.001.001.006;-114825.89
2022-09-01;004.001.002.007;-459303.58
2022-09-01;004.001.002.008;-631542.43
2022-09-01;004.001.002.009;-12630.83
2022-09-01;004.001.003.010;-401890.65
2022-09-01;004.001.003.011;-574129.49
2022-09-01;004.001.003.012;-287064.74
2022-09-01;004.002.001.001;-7774384.53
2022-09-01;004.002.002.002;-2591461.42
2022-09-01;004.002.003.003;-4664630.65
2022-09-01;004.003.001.001;-518292.29
2022-09-01;004.003.002.002;-518292.16
2022-09-01;004.003.003.003;-2591461.54
2022-09-01;004.003.004.004;-25914.48
2022-09-01;006.001.001.001;-1594804.16
2022-09-01;006.001.001.002;-31896.06
2022-09-01;006.001.001.003;-45186.1
2022-09-01;006.001.001.004;-134229.34
2022-09-01;006.001.001.005;-63792.15
2022-09-01;006.001.001.006;-15948.03
2022-09-01;006.001.002.007;-127584.32
2022-09-01;006.001.002.008;-143532.36
2022-09-01;006.001.002.009;-1754.27
2022-09-01;006.001.003.010;-95688.23
2022-09-01;006.001.003.011;-159480.4
2022-09-01;006.001.003.012;-63792.15
2022-09-01;006.002.001.001;-259146
2022-09-01;006.002.002.002;-129572.92
2022-09-01;006.003.001.001;-59603.47
2022-09-01;006.003.002.002;-111432.72
2022-09-01;006.003.003.003;-119207.12
2022-09-01;006.004.001.001;-295426.47
2022-09-01;006.005.001.001;-523475.11
2022-09-01;006.005.002.002;-116615.63
2022-09-01;006.005.003.003;-20731.53
2022-09-01;006.005.004.004;-256554.54
2022-09-01;006.005.005.005;-33688.87
2022-09-01;006.005.006.006;-173627.79
2022-09-01;008.001.001.001;-3905.61
2022-09-01;008.001.002.002;-6183.9
2022-09-01;008.002.001.001;19528.22
2022-09-01;008.002.002.002;52075.19
2022-09-01;008.003.001.001;-3580.14
2022-09-01;010.001.001.001;-557948.98
2022-09-01;010.001.002.002;-544000.26
2022-10-01;001.001.001.001;41401251.62
2022-10-01;001.001.002.002;13133578.46
2022-10-01;001.001.003.003;695179.34
2022-10-01;001.002.001.001;30000
2022-10-01;001.002.002.002;20000
2022-10-01;002.001.001.001;-306168.66
2022-10-01;002.003.001.001;-222547.83
2022-10-01;002.003.002.002;-109822.51
2022-10-01;002.004.001.001;-9950401.7
2022-10-01;002.005.001.001;-4201280.72
2022-10-01;002.005.002.002;-912120.16
2022-10-01;002.005.003.003;-106477.85
2022-10-01;004.001.001.001;-7584417.28
2022-10-01;004.001.001.002;-151688.33
2022-10-01;004.001.001.003;-208571.46
2022-10-01;004.001.001.004;-632034.77
2022-10-01;004.001.001.005;-75844.16
2022-10-01;004.001.001.006;-75844.16
2022-10-01;004.001.002.007;-606753.37
2022-10-01;004.001.002.008;-606753.37
2022-10-01;004.001.002.009;-6067.53
2022-10-01;004.001.003.010;-455065.02
2022-10-01;004.001.003.011;-682597.54
2022-10-01;004.001.003.012;-303376.67
2022-10-01;004.002.001.001;-8903246.45
2022-10-01;004.002.002.002;-3070084.86
2022-10-01;004.002.003.003;-5526152.93
2022-10-01;004.003.001.001;-614016.98
2022-10-01;004.003.002.002;-921025.37
2022-10-01;004.003.003.003;-3070085
2022-10-01;004.003.004.004;-61401.57
2022-10-01;006.001.001.001;-1516883.44
2022-10-01;006.001.001.002;-30337.66
2022-10-01;006.001.001.003;-41714.28
2022-10-01;006.001.001.004;-127671.01
2022-10-01;006.001.001.005;-60675.32
2022-10-01;006.001.001.006;-15168.83
2022-10-01;006.001.002.007;-121350.67
2022-10-01;006.001.002.008;-166857.17
2022-10-01;006.001.002.009;-2123.63
2022-10-01;006.001.003.010;-91013
2022-10-01;006.001.003.011;-182026
2022-10-01;006.001.003.012;-91013
2022-10-01;006.002.001.001;-307008.37
2022-10-01;006.002.002.002;-122803.25
2022-10-01;006.003.001.001;-61401.56
2022-10-01;006.003.002.002;-132013.49
2022-10-01;006.003.003.003;-138153.66
2022-10-01;006.004.001.001;-331569.07
2022-10-01;006.005.001.001;-632437.38
2022-10-01;006.005.002.002;-128943.45
2022-10-01;006.005.003.003;-18420.39
2022-10-01;006.005.004.004;-236396.4
2022-10-01;006.005.005.005;-33770.76
2022-10-01;006.005.006.006;-193415.18
2022-10-01;008.001.001.001;-6965.28
2022-10-01;008.001.002.002;-5030.48
2022-10-01;008.002.001.001;23217.6
2022-10-01;008.002.002.002;38696
2022-10-01;008.003.001.001;-6191.36
2022-10-01;010.001.001.001;-663360.11
2022-10-01;010.001.002.002;-646776.11
2022-11-01;001.001.001.001;40909602.57
2022-11-01;001.001.002.002;13469263.34
2022-11-01;001.001.003.003;695792.6
2022-11-01;001.002.001.001;30000
2022-11-01;001.002.002.002;20000
2022-11-01;002.001.001.001;-245969.51
2022-11-01;002.003.001.001;-214648.65
2022-11-01;002.003.002.002;-107429.41
2022-11-01;002.004.001.001;-9922438.53
2022-11-01;002.005.001.001;-4189474.05
2022-11-01;002.005.002.002;-909556.87
2022-11-01;002.005.003.003;-105979.45
2022-11-01;004.001.001.001;-7184947.97
2022-11-01;004.001.001.002;-143698.95
2022-11-01;004.001.001.003;-197586.06
2022-11-01;004.001.001.004;-604733.11
2022-11-01;004.001.001.005;-71849.47
2022-11-01;004.001.001.006;-71849.47
2022-11-01;004.001.002.007;-574795.83
2022-11-01;004.001.002.008;-646645.31
2022-11-01;004.001.002.009;-5747.94
2022-11-01;004.001.003.010;-502946.34
2022-11-01;004.001.003.011;-574795.83
2022-11-01;004.001.003.012;-359247.39
2022-11-01;004.002.001.001;-8494155.7
2022-11-01;004.002.002.002;-3033626.93
2022-11-01;004.002.003.003;-5460528.62
2022-11-01;004.003.001.001;-910088.09
2022-11-01;004.003.002.002;-910087.96
2022-11-01;004.003.003.003;-3640352.48
2022-11-01;004.003.004.004;-60672.41
2022-11-01;006.001.001.001;-1890775.77
2022-11-01;006.001.001.002;-18907.74
2022-11-01;006.001.001.003;-53571.97
2022-11-01;006.001.001.004;-159140.28
2022-11-01;006.001.001.005;-94538.77
2022-11-01;006.001.001.006;-18907.74
2022-11-01;006.001.002.007;-151262.05
2022-11-01;006.001.002.008;-207985.33
2022-11-01;006.001.002.009;-2458
2022-11-01;006.001.003.010;-113446.53
2022-11-01;006.001.003.011;-226893.08
2022-11-01;006.001.003.012;-75631.01
2022-11-01;006.002.001.001;-303362.56
2022-11-01;006.002.002.002;-151681.2
2022-11-01;006.003.001.001;-78874.15
2022-11-01;006.003.002.002;-127412.17
2022-11-01;006.003.003.003;-142580.31
2022-11-01;006.004.001.001;-306396.2
2022-11-01;006.005.001.001;-630994.29
2022-11-01;006.005.002.002;-133479.44
2022-11-01;006.005.003.003;-24268.87
2022-11-01;006.005.004.004;-300328.94
2022-11-01;006.005.005.005;-36403.39
2022-11-01;006.005.006.006;-151681.22
2022-11-01;008.001.001.001;-8875.03
2022-11-01;008.001.002.002;-8875.04
2022-11-01;008.002.001.001;-92609.41
2022-11-01;008.002.002.002;69457.05
2022-11-01;008.003.001.001;-3858.69
2022-11-01;010.001.001.001;-744182.89
2022-11-01;010.001.002.002;-644958.5
2022-12-01;001.001.001.001;40174664.08
2022-12-01;001.001.002.002;13000852.34
2022-12-01;001.001.003.003;692117.6
2022-12-01;001.002.001.001;30000
2022-12-01;001.002.002.002;20000
2022-12-01;002.001.001.001;-286821.51
2022-12-01;002.003.001.001;-213802.53
2022-12-01;002.003.002.002;-106767.65
2022-12-01;002.004.001.001;-9705174.12
2022-12-01;002.005.001.001;-4097740.19
2022-12-01;002.005.002.002;-889640.96
2022-12-01;002.005.003.003;-104482.87
2022-12-01;004.001.001.001;-6657749.44
2022-12-01;004.001.001.002;-199732.47
2022-12-01;004.001.001.003;-188636.23
2022-12-01;004.001.001.004;-549264.32
2022-12-01;004.001.001.005;-133154.98
2022-12-01;004.001.001.006;-66577.48
2022-12-01;004.001.002.007;-532619.94
2022-12-01;004.001.002.008;-599197.44
2022-12-01;004.001.002.009;-5991.96
2022-12-01;004.001.003.010;-466042.44
2022-12-01;004.001.003.011;-532619.94
2022-12-01;004.001.003.012;-332887.46
2022-12-01;004.002.001.001;-8937384.35
2022-12-01;004.002.002.002;-3277040.84
2022-12-01;004.002.003.003;-5958256.19
2022-12-01;004.003.001.001;-893738.42
2022-12-01;004.003.002.002;-595825.48
2022-12-01;004.003.003.003;-3574953.76
2022-12-01;004.003.004.004;-59582.44
2022-12-01;006.001.001.001;-1109624.9
2022-12-01;006.001.001.002;-33288.73
2022-12-01;006.001.001.003;-30514.67
2022-12-01;006.001.001.004;-91544.04
2022-12-01;006.001.001.005;-44384.99
2022-12-01;006.001.001.006;-11096.24
2022-12-01;006.001.002.007;-88769.98
2022-12-01;006.001.002.008;-144251.22
2022-12-01;006.001.002.009;-1331.54
2022-12-01;006.001.003.010;-77673.74
2022-12-01;006.001.003.011;-144251.22
2022-12-01;006.001.003.012;-44384.99
2022-12-01;006.002.001.001;-297912.67
2022-12-01;006.002.002.002;-119164.99
2022-12-01;006.003.001.001;-65540.66
2022-12-01;006.003.002.002;-119165
2022-12-01;006.003.003.003;-137039.77
2022-12-01;006.004.001.001;-297912.69
2022-12-01;006.005.001.001;-598804.6
2022-12-01;006.005.002.002;-119164.97
2022-12-01;006.005.003.003;-23832.88
2022-12-01;006.005.004.004;-199601.42
2022-12-01;006.005.005.005;-29791.16
2022-12-01;006.005.006.006;-175768.41
2022-12-01;008.001.001.001;-5661.33
2022-12-01;008.001.002.002;-4151.64
2022-12-01;008.002.001.001;79258.92
2022-12-01;008.002.002.002;90581.61
2022-12-01;008.003.001.001;-6038.75
2022-12-01;010.001.001.001;-647011.61
2022-12-01;010.001.002.002;-630836.32
2023-01-01;001.001.001.001;40956315.71
2023-01-01;001.001.002.002;12965374.61
2023-01-01;001.001.003.003;694014.74
2023-01-01;001.002.001.001;30000
2023-01-01;001.002.002.002;20000
2023-01-01;002.001.001.001;-211881.49
2023-01-01;002.003.001.001;-223913.2
2023-01-01;002.003.002.002;-113230.23
2023-01-01;002.004.001.001;-9839826.91
2023-01-01;002.005.001.001;-4154593.58
2023-01-01;002.005.002.002;-901984.13
2023-01-01;002.005.003.003;-106419.87
2023-01-01;004.001.001.001;-6750121.25
2023-01-01;004.001.001.002;-202503.63
2023-01-01;004.001.001.003;-191253.42
2023-01-01;004.001.001.004;-568135.2
2023-01-01;004.001.001.005;-135002.41
2023-01-01;004.001.001.006;-67501.2
2023-01-01;004.001.002.007;-540009.69
2023-01-01;004.001.002.008;-742513.33
2023-01-01;004.001.002.009;-6075.09
2023-01-01;004.001.003.010;-472508.47
2023-01-01;004.001.003.011;-607510.9
2023-01-01;004.001.003.012;-337506.05
2023-01-01;004.002.001.001;-8200145.77
2023-01-01;004.002.002.002;-3340800.02
2023-01-01;004.002.003.003;-5466763.79
2023-01-01;004.003.001.001;-607418.19
2023-01-01;004.003.002.002;-911127.16
2023-01-01;004.003.003.003;-3340800.14
2023-01-01;004.003.004.004;-60741.68
2023-01-01;006.001.001.001;-1500026.94
2023-01-01;006.001.001.002;-15000.26
2023-01-01;006.001.001.003;-41250.72
2023-01-01;006.001.001.004;-126252.26
2023-01-01;006.001.001.005;-75001.34
2023-01-01;006.001.001.006;-15000.26
2023-01-01;006.001.002.007;-120002.14
2023-01-01;006.001.002.008;-195003.49
2023-01-01;006.001.002.009;-1500.01
2023-01-01;006.001.003.010;-90001.61
2023-01-01;006.001.003.011;-195003.49
2023-01-01;006.001.003.012;-90001.61
2023-01-01;006.002.001.001;-303708.95
2023-01-01;006.002.002.002;-151854.39
2023-01-01;006.003.001.001;-75927.13
2023-01-01;006.003.002.002;-136668.96
2023-01-01;006.003.003.003;-142743.11
2023-01-01;006.004.001.001;-315857.33
2023-01-01;006.005.001.001;-616529.32
2023-01-01;006.005.002.002;-127557.66
2023-01-01;006.005.003.003;-24296.58
2023-01-01;006.005.004.004;-227781.67
2023-01-01;006.005.005.005;-30370.75
2023-01-01;006.005.006.006;-170076.94
2023-01-01;008.001.001.001;-8801.15
2023-01-01;008.001.002.002;-6887.85
2023-01-01;008.002.001.001;68878.78
2023-01-01;008.002.002.002;91838.37
2023-01-01;008.003.001.001;-9566.47
2023-01-01;010.001.001.001;-737987.02
2023-01-01;010.001.002.002;-541190.48
2023-02-01;001.001.001.001;39370137.2
2023-02-01;001.001.002.002;13072152.77
2023-02-01;001.001.003.003;696065.81
2023-02-01;001.002.001.001;30000
2023-02-01;001.002.002.002;20000
2023-02-01;002.001.001.001;-224707.52
2023-02-01;002.003.001.001;-214657.22
2023-02-01;002.003.002.002;-114508.72
2023-02-01;002.004.001.001;-9573904.04
2023-02-01;002.005.001.001;-4042315.04
2023-02-01;002.005.002.002;-877607.87
2023-02-01;002.005.003.003;-103589.05
2023-02-01;004.001.001.001;-6932570.28
2023-02-01;004.001.001.002;-207977.09
2023-02-01;004.001.001.003;-196422.81
2023-02-01;004.001.001.004;-583491.32
2023-02-01;004.001.001.005;-69325.69
2023-02-01;004.001.001.006;-138651.39
2023-02-01;004.001.002.007;-554605.61
2023-02-01;004.001.002.008;-762582.72
2023-02-01;004.001.002.009;-13865.12
2023-02-01;004.001.003.010;-415954.2
2023-02-01;004.001.003.011;-693257.01
2023-02-01;004.001.003.012;-415954.2
2023-02-01;004.002.001.001;-8174512.91
2023-02-01;004.002.002.002;-3211415.7
2023-02-01;004.002.003.003;-5546990.87
2023-02-01;004.003.001.001;-875840.65
2023-02-01;004.003.002.002;-583893.67
2023-02-01;004.003.003.003;-3503362.73
2023-02-01;004.003.004.004;-58389.21
2023-02-01;006.001.001.001;-1824360.59
2023-02-01;006.001.001.002;-54730.81
2023-02-01;006.001.001.003;-50169.9
2023-02-01;006.001.001.004;-152030.03
2023-02-01;006.001.001.005;-72974.41
2023-02-01;006.001.001.006;-18243.59
2023-02-01;006.001.002.007;-145948.84
2023-02-01;006.001.002.008;-164192.45
2023-02-01;006.001.002.009;-1824.34
2023-02-01;006.001.003.010;-127705.23
2023-02-01;006.001.003.011;-218923.26
2023-02-01;006.001.003.012;-91218.01
2023-02-01;006.002.001.001;-291946.73
2023-02-01;006.002.002.002;-116778.59
2023-02-01;006.003.001.001;-67147.62
2023-02-01;006.003.002.002;-116778.59
2023-02-01;006.003.003.003;-137214.87
2023-02-01;006.004.001.001;-321141.43
2023-02-01;006.005.001.001;-586813.11
2023-02-01;006.005.002.002;-116778.63
2023-02-01;006.005.003.003;-26275.06
2023-02-01;006.005.004.004;-189765.33
2023-02-01;006.005.005.005;-37952.96
2023-02-01;006.005.006.006;-145973.29
2023-02-01;008.001.001.001;-5584.76
2023-02-01;008.001.002.002;-6329.4
2023-02-01;008.002.001.001;-100525.98
2023-02-01;008.002.002.002;37231.83
2023-02-01;008.003.001.001;-6701.7
2023-02-01;010.001.001.001;-558477.74
2023-02-01;010.001.002.002;-526564.72
2023-03-01;001.001.001.001;40821564.69
2023-03-01;001.001.002.002;13161981.19
2023-03-01;001.001.003.003;694574.38
2023-03-01;001.002.001.001;30000
2023-03-01;001.002.002.002;20000
2023-03-01;002.001.001.001;-324123.24
2023-03-01;002.003.001.001;-233807.95
2023-03-01;002.003.002.002;-100399.75
2023-03-01;002.004.001.001;-9851061.65
2023-03-01;002.005.001.001;-4159337.14
2023-03-01;002.005.002.002;-903013.98
2023-03-01;002.005.003.003;-113620.23
2023-03-01;004.001.001.001;-7508698.09
2023-03-01;004.001.001.002;-225260.93
2023-03-01;004.001.001.003;-212746.43
2023-03-01;004.001.001.004;-619467.58
2023-03-01;004.001.001.005;-150173.95
2023-03-01;004.001.001.006;-75086.97
2023-03-01;004.001.002.007;-600695.84
2023-03-01;004.001.002.008;-600695.84
2023-03-01;004.001.002.009;-6757.82
2023-03-01;004.001.003.010;-450521.87
2023-03-01;004.001.003.011;-750869.8
2023-03-01;004.001.003.012;-450521.87
2023-03-01;004.002.001.001;-9081295.93
2023-03-01;004.002.002.002;-3632518.3
2023-03-01;004.002.003.003;-5448777.49
2023-03-01;004.003.001.001;-908129.58
2023-03-01;004.003.002.002;-908129.45
2023-03-01;004.003.003.003;-3632518.41
2023-03-01;004.003.004.004;-30270.84
2023-03-01;006.001.001.001;-1501739.61
2023-03-01;006.001.001.002;-15017.38
2023-03-01;006.001.001.003;-42549.28
2023-03-01;006.001.001.004;-126396.41
2023-03-01;006.001.001.005;-75086.97
2023-03-01;006.001.001.006;-15017.38
2023-03-01;006.001.002.007;-120139.16
2023-03-01;006.001.002.008;-150173.95
2023-03-01;006.001.002.009;-1501.73
2023-03-01;006.001.003.010;-90104.36
2023-03-01;006.001.003.011;-210243.53
2023-03-01;006.001.003.012;-75086.97
2023-03-01;006.002.001.001;-302709.72
2023-03-01;006.002.002.002;-151354.81
2023-03-01;006.003.001.001;-69623.11
2023-03-01;006.003.002.002;-139246.39
2023-03-01;006.003.003.003;-139246.35
2023-03-01;006.004.001.001;-323899.4
2023-03-01;006.005.001.001;-635690.59
2023-03-01;006.005.002.002;-121083.83
2023-03-01;006.005.003.003;-30270.84
2023-03-01;006.005.004.004;-242167.77
2023-03-01;006.005.005.005;-33297.95
2023-03-01;006.005.006.006;-175571.58
2023-03-01;008.001.001.001;-6512.63
2023-03-01;008.001.002.002;-7278.82
2023-03-01;008.002.001.001;-103436.12
2023-03-01;008.002.002.002;107267.08
2023-03-01;008.003.001.001;-5746.43
2023-03-01;010.001.001.001;-574645.26
2023-03-01;010.001.002.002;-541808.39
2023-04-01;001.001.001.001;40976626.14
2023-04-01;001.001.002.002;13173967.05
2023-04-01;001.001.003.003;697736.54
2023-04-01;001.002.001.001;30000
2023-04-01;001.002.002.002;20000
2023-04-01;002.001.001.001;-264393
2023-04-01;002.003.001.001;-211571.39
2023-04-01;002.003.002.002;-120007.8
2023-04-01;002.004.001.001;-9881699.35
2023-04-01;002.005.001.001;-4172273.06
2023-04-01;002.005.002.002;-905822.44
2023-04-01;002.005.003.003;-131854.39
2023-04-01;004.001.001.001;-7532050.82
2023-04-01;004.001.001.002;-225961.51
2023-04-01;004.001.001.003;-207131.38
2023-04-01;004.001.001.004;-633947.6
2023-04-01;004.001.001.005;-75320.49
2023-04-01;004.001.001.006;-75320.49
2023-04-01;004.001.002.007;-602564.05
2023-04-01;004.001.002.008;-828525.58
2023-04-01;004.001.002.009;-6778.83
2023-04-01;004.001.003.010;-527243.54
2023-04-01;004.001.003.011;-602564.05
2023-04-01;004.001.003.012;-451923.04
2023-04-01;004.002.001.001;-9115791.44
2023-04-01;004.002.002.002;-3038597.05
2023-04-01;004.002.003.003;-6077194.21
2023-04-01;004.003.001.001;-911579.12
2023-04-01;004.003.002.002;-607719.29
2023-04-01;004.003.003.003;-3646316.59
2023-04-01;004.003.004.004;-30385.81
2023-04-01;006.001.001.001;-1129807.62
2023-04-01;006.001.001.002;-22596.14
2023-04-01;006.001.001.003;-32011.21
2023-04-01;006.001.001.004;-94150.62
2023-04-01;006.001.001.005;-56490.37
2023-04-01;006.001.001.006;-11298.06
2023-04-01;006.001.002.007;-90384.6
2023-04-01;006.001.002.008;-101682.68
2023-04-01;006.001.002.009;-1355.76
2023-04-01;006.001.003.010;-67788.45
2023-04-01;006.001.003.011;-146874.98
2023-04-01;006.001.003.012;-45192.29
2023-04-01;006.002.001.001;-303859.56
2023-04-01;006.002.002.002;-151929.69
2023-04-01;006.003.001.001;-79003.37
2023-04-01;006.003.002.002;-151929.68
2023-04-01;006.003.003.003;-139775.31
2023-04-01;006.004.001.001;-355515.72
2023-04-01;006.005.001.001;-610757.88
2023-04-01;006.005.002.002;-121543.74
2023-04-01;006.005.003.003;-15192.84
2023-04-01;006.005.004.004;-218778.84
2023-04-01;006.005.005.005;-36462.99
2023-04-01;006.005.006.006;-151929.69
2023-04-01;008.001.001.001;-6148.59
2023-04-01;008.001.002.002;-7301.45
2023-04-01;008.002.001.001;-103757.83
2023-04-01;008.002.002.002;30743.05
2023-04-01;008.003.001.001;-6148.6
2023-04-01;010.001.001.001;-658779.96
2023-04-01;010.001.002.002;-543493.46
2023-05-01;001.001.001.001;40663914.25
2023-05-01;001.001.002.002;12790427.72
2023-05-01;001.001.003.003;699097.56
2023-05-01;001.002.001.001;30000
2023-05-01;001.002.002.002;20000
2023-05-01;002.001.001.001;-242101.08
2023-05-01;002.003.001.001;-219227
2023-05-01;002.003.002.002;-132994.03
2023-05-01;002.004.001.001;-9756619.12
2023-05-01;002.005.001.001;-4119461.4
2023-05-01;002.005.002.002;-894356.75
2023-05-01;002.005.003.003;-103397.54
2023-05-01;004.001.001.001;-7064876.3
2023-05-01;004.001.001.002;-211946.28
2023-05-01;004.001.001.003;-200171.48
2023-05-01;004.001.001.004;-594627.08
2023-05-01;004.001.001.005;-70648.75
2023-05-01;004.001.001.006;-70648.75
2023-05-01;004.001.002.007;-565190.09
2023-05-01;004.001.002.008;-565190.09
2023-05-01;004.001.002.009;-6358.37
2023-05-01;004.001.003.010;-423892.57
2023-05-01;004.001.003.011;-706487.62
2023-05-01;004.001.003.012;-423892.57
2023-05-01;004.002.001.001;-8443142.84
2023-05-01;004.002.002.002;-3618489.71
2023-05-01;004.002.003.003;-6030816.29
2023-05-01;004.003.001.001;-603081.6
2023-05-01;004.003.002.002;-904622.33
2023-05-01;004.003.003.003;-3316949.02
2023-05-01;004.003.004.004;-60308.03
2023-05-01;006.001.001.001;-1487342.37
2023-05-01;006.001.001.002;-14873.41
2023-05-01;006.001.001.003;-40901.9
2023-05-01;006.001.001.004;-125184.64
2023-05-01;006.001.001.005;-74367.1
2023-05-01;006.001.001.006;-14873.41
2023-05-01;006.001.002.007;-118987.38
2023-05-01;006.001.002.008;-148734.22
2023-05-01;006.001.002.009;-2082.27
2023-05-01;006.001.003.010;-104113.96
2023-05-01;006.001.003.011;-193354.49
2023-05-01;006.001.003.012;-59493.69
2023-05-01;006.002.001.001;-301540.7
2023-05-01;006.002.002.002;-120616.17
2023-05-01;006.003.001.001;-63323.48
2023-05-01;006.003.002.002;-138708.63
2023-05-01;006.003.003.003;-135693.2
2023-05-01;006.004.001.001;-313602.29
2023-05-01;006.005.001.001;-624189.34
2023-05-01;006.005.002.002;-126646.97
2023-05-01;006.005.003.003;-24123.11
2023-05-01;006.005.004.004;-265355.76
2023-05-01;006.005.005.005;-30153.92
2023-05-01;006.005.006.006;-189970.58
2023-05-01;008.001.001.001;-6829.61
2023-05-01;008.001.002.002;-6450.19
2023-05-01;008.002.001.001;11382.72
2023-05-01;008.002.002.002;53119.35
2023-05-01;008.003.001.001;-9485.58
2023-05-01;010.001.001.001;-650441.27
2023-05-01;010.001.002.002;-536614.05
2023-06-01;001.001.001.001;40593793.35
2023-06-01;001.001.002.002;13103958.74
2023-06-01;001.001.003.003;692080.89
2023-06-01;001.002.001.001;30000
2023-06-01;001.002.002.002;20000
2023-06-01;002.001.001.001;-256328.06
2023-06-01;002.003.001.001;-215085.8
2023-06-01;002.003.002.002;-130912.17
2023-06-01;002.004.001.001;-9799169.94
2023-06-01;002.005.001.001;-4137427.31
2023-06-01;002.005.002.002;-898257.24
2023-06-01;002.005.003.003;-110780.7
2023-06-01;004.001.001.001;-6722230.57
2023-06-01;004.001.001.002;-134444.6
2023-06-01;004.001.001.003;-184861.32
2023-06-01;004.001.001.004;-565787.73
2023-06-01;004.001.001.005;-67222.29
2023-06-01;004.001.001.006;-67222.29
2023-06-01;004.001.002.007;-537778.43
2023-06-01;004.001.002.008;-537778.43
2023-06-01;004.001.002.009;-6722.22
2023-06-01;004.001.003.010;-403333.82
2023-06-01;004.001.003.011;-672223.05
2023-06-01;004.001.003.012;-336111.52
2023-06-01;004.002.001.001;-7826541.81
2023-06-01;004.002.002.002;-3010208.31
2023-06-01;004.002.003.003;-5719395.92
2023-06-01;004.003.001.001;-903062.51
2023-06-01;004.003.002.002;-602041.54
2023-06-01;004.003.003.003;-3010208.41
2023-06-01;004.003.004.004;-60204
2023-06-01;006.001.001.001;-1493829
2023-06-01;006.001.001.002;-14938.28
2023-06-01;006.001.001.003;-41080.28
2023-06-01;006.001.001.004;-123240.88
2023-06-01;006.001.001.005;-59753.15
2023-06-01;006.001.001.006;-14938.28
2023-06-01;006.001.002.007;-119506.31
2023-06-01;006.001.002.008;-164321.18
2023-06-01;006.001.002.009;-1941.96
2023-06-01;006.001.003.010;-104568.02
2023-06-01;006.001.003.011;-164321.18
2023-06-01;006.001.003.012;-74691.44
2023-06-01;006.002.001.001;-301020.71
2023-06-01;006.002.002.002;-150510.26
2023-06-01;006.003.001.001;-63214.24
2023-06-01;006.003.002.002;-150510.26
2023-06-01;006.003.003.003;-135459.23
2023-06-01;006.004.001.001;-307041.14
2023-06-01;006.005.001.001;-617092.61
2023-06-01;006.005.002.002;-120408.21
2023-06-01;006.005.003.003;-27091.72
2023-06-01;006.005.004.004;-288979.85
2023-06-01;006.005.005.005;-39132.57
2023-06-01;006.005.006.006;-168571.53
2023-06-01;008.001.001.001;-4954
2023-06-01;008.001.002.002;-4954
2023-06-01;008.002.001.001;45729.45
2023-06-01;008.002.002.002;45729.45
2023-06-01;008.003.001.001;-2286.45
2023-06-01;010.001.001.001;-571618.24
2023-06-01;010.001.002.002;-538954.35
2023-07-01;001.001.001.001;40639738.72
2023-07-01;001.001.002.002;13099386.16
2023-07-01;001.001.003.003;706961.51
2023-07-01;001.002.001.001;30000
2023-07-01;001.002.002.002;20000
2023-07-01;002.001.001.001;-245101.19
2023-07-01;002.003.001.001;-213778.4
2023-07-01;002.003.002.002;-117787.95
2023-07-01;002.004.001.001;-9809295.55
2023-07-01;002.005.001.001;-4141702.57
2023-07-01;002.005.002.002;-899185.43
2023-07-01;002.005.003.003;-121176.27
2023-07-01;004.001.001.001;-7103019.89
2023-07-01;004.001.001.002;-213090.59
2023-07-01;004.001.001.003;-201252.22
2023-07-01;004.001.001.004;-585999.13
2023-07-01;004.001.001.005;-71030.19
2023-07-01;004.001.001.006;-142060.38
2023-07-01;004.001.002.007;-568241.58
2023-07-01;004.001.002.008;-639271.77
2023-07-01;004.001.002.009;-12785.43
2023-07-01;004.001.003.010;-426181.18
2023-07-01;004.001.003.011;-710301.98
2023-07-01;004.001.003.012;-426181.18
2023-07-01;004.002.001.001;-7835400.15
2023-07-01;004.002.002.002;-3314976.91
2023-07-01;004.002.003.003;-5725869.31
2023-07-01;004.003.001.001;-602723.05
2023-07-01;004.003.002.002;-904084.49
2023-07-01;004.003.003.003;-3314977.01
2023-07-01;004.003.004.004;-30135.99
2023-07-01;006.001.001.001;-1869215.74
2023-07-01;006.001.001.002;-37384.3
2023-07-01;006.001.001.003;-51403.42
2023-07-01;006.001.001.004;-154210.29
2023-07-01;006.001.001.005;-74768.61
2023-07-01;006.001.001.006;-18692.14
2023-07-01;006.001.002.007;-149537.24
2023-07-01;006.001.002.008;-224305.87
2023-07-01;006.001.002.009;-2429.96
2023-07-01;006.001.003.010;-130845.1
2023-07-01;006.001.003.011;-280382.35
2023-07-01;006.001.003.012;-74768.61
2023-07-01;006.002.001.001;-301361.4
2023-07-01;006.002.002.002;-120544.47
2023-07-01;006.003.001.001;-66299.39
2023-07-01;006.003.002.002;-132598.94
2023-07-01;006.003.003.003;-135612.55
2023-07-01;006.004.001.001;-316429.46
2023-07-01;006.005.001.001;-620804.64
2023-07-01;006.005.002.002;-123558.1
2023-07-01;006.005.003.003;-24108.78
2023-07-01;006.005.004.004;-301361.4
2023-07-01;006.005.005.005;-45204.07
2023-07-01;006.005.006.006;-174789.58
2023-07-01;008.001.001.001;-4959.13
2023-07-01;008.001.002.002;-7629.43
2023-07-01;008.002.001.001;160218.46
2023-07-01;008.002.002.002;83923.95
2023-07-01;008.003.001.001;-6103.54
2023-07-01;010.001.001.001;-735697.17
2023-07-01;010.001.002.002;-637604.21
2023-08-01;001.001.001.001;41290269.11
2023-08-01;001.001.002.002;12999934.04
2023-08-01;001.001.003.003;727003.62
2023-08-01;001.002.001.001;30000
2023-08-01;001.002.002.002;20000
2023-08-01;002.001.001.001;-292243.86
2023-08-01;002.003.001.001;-219211.31
2023-08-01;002.003.002.002;-109440.05
2023-08-01;002.004.001.001;-9912097.22
2023-08-01;002.005.001.001;-4185107.71
2023-08-01;002.005.002.002;-908608.91
2023-08-01;002.005.003.003;-110182.53
2023-08-01;004.001.001.001;-7555220.76
2023-08-01;004.001.001.002;-226656.61
2023-08-01;004.001.001.003;-214064.58
2023-08-01;004.001.001.004;-635897.73
2023-08-01;004.001.001.005;-151104.4
2023-08-01;004.001.001.006;-151104.4
2023-08-01;004.001.002.007;-604417.65
2023-08-01;004.001.002.008;-831074.27
2023-08-01;004.001.002.009;-15110.43
2023-08-01;004.001.003.010;-453313.23
2023-08-01;004.001.003.011;-604417.65
2023-08-01;004.001.003.012;-453313.23
2023-08-01;004.002.001.001;-8879379.86
2023-08-01;004.002.002.002;-3061855.05
2023-08-01;004.002.003.003;-5511339.19
2023-08-01;004.003.001.001;-918556.52
2023-08-01;004.003.002.002;-918556.4
2023-08-01;004.003.003.003;-3061855.16
2023-08-01;004.003.004.004;-30618.44
2023-08-01;006.001.001.001;-1511044.14
2023-08-01;006.001.001.002;-45331.31
2023-08-01;006.001.001.003;-42812.91
2023-08-01;006.001.001.004;-125920.33
2023-08-01;006.001.001.005;-75552.19
2023-08-01;006.001.001.006;-15110.43
2023-08-01;006.001.002.007;-120883.52
2023-08-01;006.001.002.008;-196435.72
2023-08-01;006.001.002.009;-1813.24
2023-08-01;006.001.003.010;-90662.64
2023-08-01;006.001.003.011;-211546.17
2023-08-01;006.001.003.012;-60441.76
2023-08-01;006.002.001.001;-306185.36
2023-08-01;006.002.002.002;-153092.58
2023-08-01;006.003.001.001;-88793.65
2023-08-01;006.003.002.002;-137783.32
2023-08-01;006.003.003.003;-140845.22
2023-08-01;006.004.001.001;-339865.78
2023-08-01;006.005.001.001;-618494.59
2023-08-01;006.005.002.002;-134721.47
2023-08-01;006.005.003.003;-24494.7
2023-08-01;006.005.004.004;-192896.75
2023-08-01;006.005.005.005;-30618.4
2023-08-01;006.005.006.006;-177587.45
2023-08-01;008.001.001.001;-5782.04
2023-08-01;008.001.002.002;-9636.72
2023-08-01;008.002.001.001;11564.11
2023-08-01;008.002.002.002;69384.65
2023-08-01;008.003.001.001;-5782.03
2023-08-01;010.001.001.001;-578205.67
2023-08-01;010.001.002.002;-594725.83
2023-09-01;001.001.001.001;40225279.2
2023-09-01;001.001.002.002;13018488.51
2023-09-01;001.001.003.003;700149.93
2023-09-01;001.002.001.001;30000
2023-09-01;001.002.002.002;20000
2023-09-01;002.001.001.001;-274333.76
2023-09-01;002.003.001.001;-215441.96
2023-09-01;002.003.002.002;-98363.1
2023-09-01;002.004.001.001;-9718905.18
2023-09-01;002.005.001.001;-4103537.74
2023-09-01;002.005.002.002;-890899.64
2023-09-01;002.005.003.003;-71685.93
2023-09-01;004.001.001.001;-6667168.93
2023-09-01;004.001.001.002;-133343.37
2023-09-01;004.001.001.003;-188903.1
2023-09-01;004.001.001.004;-561153.38
2023-09-01;004.001.001.005;-133343.37
2023-09-01;004.001.001.006;-133343.37
2023-09-01;004.001.002.007;-533373.5
2023-09-01;004.001.002.008;-666716.88
2023-09-01;004.001.002.009;-14667.76
2023-09-01;004.001.003.010;-466701.82
2023-09-01;004.001.003.011;-600045.19
2023-09-01;004.001.003.012;-266686.75
2023-09-01;004.002.001.001;-7755491.76
2023-09-01;004.002.002.002;-2982881.36
2023-09-01;004.002.003.003;-5667474.68
2023-09-01;004.003.001.001;-894864.42
2023-09-01;004.003.002.002;-596576.14
2023-09-01;004.003.003.003;-3281169.62
2023-09-01;004.003.004.004;-29828.66
2023-09-01;006.001.001.001;-1851991.36
2023-09-01;006.001.001.002;-55559.72
2023-09-01;006.001.001.003;-50929.75
2023-09-01;006.001.001.004;-152789.28
2023-09-01;006.001.001.005;-74079.65
2023-09-01;006.001.001.006;-18519.9
2023-09-01;006.001.002.007;-148159.3
2023-09-01;006.001.002.008;-240758.87
2023-09-01;006.001.002.009;-2407.58
2023-09-01;006.001.003.010;-111119.47
2023-09-01;006.001.003.011;-259278.78
2023-09-01;006.001.003.012;-111119.47
2023-09-01;006.002.001.001;-298288.02
2023-09-01;006.002.002.002;-149143.95
2023-09-01;006.003.001.001;-80537.65
2023-09-01;006.003.002.002;-146161.03
2023-09-01;006.003.003.003;-134229.51
2023-09-01;006.004.001.001;-301270.87
2023-09-01;006.005.001.001;-608507.7
2023-09-01;006.005.002.002;-134229.55
2023-09-01;006.005.003.003;-29828.66
2023-09-01;006.005.004.004;-202835.8
2023-09-01;006.005.005.005;-38777.28
2023-09-01;006.005.006.006;-173006.98
2023-09-01;008.001.001.001;-3401.59
2023-09-01;008.001.002.002;-6803.2
2023-09-01;008.002.001.001;147403.36
2023-09-01;008.002.002.002;68032.31
2023-09-01;008.003.001.001;-7559.13
2023-09-01;010.001.001.001;-647927.01
2023-09-01;010.001.002.002;-583134.31
2023-10-01;001.001.001.001;41490553.15
2023-10-01;001.001.002.002;13752969.99
2023-10-01;001.001.003.003;697444.08
2023-10-01;001.002.001.001;30000
2023-10-01;001.002.002.002;20000
2023-10-01;002.001.001.001;-249841.32
2023-10-01;002.003.001.001;-230297.08
2023-10-01;002.003.002.002;-106575.19
2023-10-01;002.004.001.001;-10078374.1
2023-10-01;002.005.001.001;-4255313.51
2023-10-01;002.005.002.002;-923850.96
2023-10-01;002.005.003.003;-106466.65
2023-10-01;004.001.001.001;-7203282.14
2023-10-01;004.001.001.002;-142787.64
2023-10-01;004.001.001.003;-198196.73
2023-10-01;004.001.001.004;-600166.99
2023-10-01;004.001.001.005;-144065.61
2023-10-01;004.001.001.006;-142787.64
2023-10-01;004.001.002.007;-576262.54
2023-10-01;004.001.002.008;-580096.44
2023-10-01;004.001.002.009;-17134.5
2023-10-01;004.001.003.010;-432196.9
2023-10-01;004.001.003.011;-577540.51
2023-10-01;004.001.003.012;-429640.97
2023-10-01;004.002.001.001;-8930125.06
2023-10-01;004.002.002.002;-3092056.14
2023-10-01;004.002.003.003;-5838068.57
2023-10-01;004.003.001.001;-976734.6
2023-10-01;004.003.002.002;-923011.86
2023-10-01;004.003.003.003;-3445774.94
2023-10-01;004.003.004.004;-61533.83
2023-10-01;006.001.001.001;-1525074.92
2023-10-01;006.001.001.002;-15960.71
2023-10-01;006.001.001.003;-41969.12
2023-10-01;006.001.001.004;-127089.55
2023-10-01;006.001.001.005;-76253.71
2023-10-01;006.001.001.006;-15250.72
2023-10-01;006.001.002.007;-122005.96
2023-10-01;006.001.002.008;-197904.73
2023-10-01;006.001.002.009;-1681.12
2023-10-01;006.001.003.010;-106400.24
2023-10-01;006.001.003.011;-227341.26
2023-10-01;006.001.003.012;-61002.97
2023-10-01;006.002.001.001;-307670.4
2023-10-01;006.002.002.002;-153067.6
2023-10-01;006.003.001.001;-88610.28
2023-10-01;006.003.002.002;-132451.6
2023-10-01;006.003.003.003;-141528.25
2023-10-01;006.004.001.001;-319823.74
2023-10-01;006.005.001.001;-637108.31
2023-10-01;006.005.002.002;-132298.08
2023-10-01;006.005.003.003;-18383.19
2023-10-01;006.005.004.004;-259677.89
2023-10-01;006.005.005.005;-39843.38
2023-10-01;006.005.006.006;-211064.52
2023-10-01;008.001.001.001;-7387.03
2023-10-01;008.001.002.002;-9298.96
2023-10-01;008.002.001.001;-66249.16
2023-10-01;008.002.002.002;109264.53
2023-10-01;008.003.001.001;-2803.22
2023-10-01;010.001.001.001;-671891.6
2023-10-01;010.001.002.002;-557381.6
2023-11-01;001.001.001.001;42668075.56
2023-11-01;001.001.002.002;14208393.78
2023-11-01;001.001.003.003;714691.73
2023-11-01;001.002.001.001;30000
2023-11-01;001.002.002.002;20000
2023-11-01;002.001.001.001;-271764.82
2023-11-01;002.003.001.001;-220763.42
2023-11-01;002.003.002.002;-142548.58
2023-11-01;002.004.001.001;-10375408.99
2023-11-01;002.005.001.001;-4380728.24
2023-11-01;002.005.002.002;-951079.16
2023-11-01;002.005.003.003;-104367.59
2023-11-01;004.001.001.001;-7397150.55
2023-11-01;004.001.001.002;-218141.26
2023-11-01;004.001.001.003;-209428.68
2023-11-01;004.001.001.004;-622279.04
2023-11-01;004.001.001.005;-73971.48
2023-11-01;004.001.001.006;-73971.48
2023-11-01;004.001.002.007;-591772.02
2023-11-01;004.001.002.008;-669516.74
2023-11-01;004.001.002.009;-8099.11
2023-11-01;004.001.003.010;-515913.9
2023-11-01;004.001.003.011;-665743.51
2023-11-01;004.001.003.012;-371744.11
2023-11-01;004.002.001.001;-9165477.15
2023-11-01;004.002.002.002;-3164025.35
2023-11-01;004.002.003.003;-5715639.47
2023-11-01;004.003.001.001;-683789.23
2023-11-01;004.003.002.002;-643001.68
2023-11-01;004.003.003.003;-3868208.52
2023-11-01;004.003.004.004;-63280.21
2023-11-01;006.001.001.001;-1944136.16
2023-11-01;006.001.001.002;-57380.75
2023-11-01;006.001.001.003;-53503.03
2023-11-01;006.001.001.004;-162011.32
2023-11-01;006.001.001.005;-78237.08
2023-11-01;006.001.001.006;-19441.34
2023-11-01;006.001.002.007;-155530.87
2023-11-01;006.001.002.008;-214326.62
2023-11-01;006.001.002.009;-1953.55
2023-11-01;006.001.003.010;-135617.85
2023-11-01;006.001.003.011;-252266.03
2023-11-01;006.001.003.012;-97206.79
2023-11-01;006.002.001.001;-316402.29
2023-11-01;006.002.002.002;-126560.72
2023-11-01;006.003.001.001;-85122.54
2023-11-01;006.003.002.002;-135746.91
2023-11-01;006.003.003.003;-142380.86
2023-11-01;006.004.001.001;-328752.45
2023-11-01;006.005.001.001;-641991.02
2023-11-01;006.005.002.002;-142278.88
2023-11-01;006.005.003.003;-22453.8
2023-11-01;006.005.004.004;-297622.07
2023-11-01;006.005.005.005;-47154.21
2023-11-01;006.005.006.006;-199333.34
2023-11-01;008.001.001.001;-1826.47
2023-11-01;008.001.002.002;-5359.76
2023-11-01;008.002.001.001;-68213.02
2023-11-01;008.002.002.002;66520.19
2023-11-01;008.003.001.001;-7197.33
2023-11-01;010.001.001.001;-612239.85
2023-11-01;010.001.002.002;-572749.8
2023-12-01;001.001.001.001;42394884.1
2023-12-01;001.001.002.002;14556872.23
2023-12-01;001.001.003.003;712418.49
2023-12-01;001.002.001.001;30000
2023-12-01;001.002.002.002;20000
2023-12-01;002.001.001.001;-283361.75
2023-12-01;002.003.001.001;-233218.07
2023-12-01;002.003.002.002;-96368.32
2023-12-01;002.004.001.001;-10388551.47
2023-12-01;002.005.001.001;-4386277.29
2023-12-01;002.005.002.002;-952283.89
2023-12-01;002.005.003.003;-123906.35
2023-12-01;004.001.001.001;-7731696.59
2023-12-01;004.001.001.002;-154633.91
2023-12-01;004.001.001.003;-212621.63
2023-12-01;004.001.001.004;-637864.94
2023-12-01;004.001.001.005;-77316.95
2023-12-01;004.001.001.006;-151933.64
2023-12-01;004.001.002.007;-618535.7
2023-12-01;004.001.002.008;-626636.53
2023-12-01;004.001.002.009;-13674.01
2023-12-01;004.001.003.010;-466602.05
2023-12-01;004.001.003.011;-698552.95
2023-12-01;004.001.003.012;-383884.53
2023-12-01;004.002.001.001;-9354487.95
2023-12-01;004.002.002.002;-3159129.66
2023-12-01;004.002.003.003;-5658780.74
2023-12-01;004.003.001.001;-720929.58
2023-12-01;004.003.002.002;-943129.85
2023-12-01;004.003.003.003;-3312756.86
2023-12-01;004.003.004.004;-32973.62
2023-12-01;006.001.001.001;-1908053.16
2023-12-01;006.001.001.002;-19933.22
2023-12-01;006.001.001.003;-54061.48
2023-12-01;006.001.001.004;-157485.42
2023-12-01;006.001.001.005;-76748.46
2023-12-01;006.001.001.006;-19080.5
2023-12-01;006.001.002.007;-152644.24
2023-12-01;006.001.002.008;-171724.76
2023-12-01;006.001.002.009;-2463.38
2023-12-01;006.001.003.010;-133563.7
2023-12-01;006.001.003.011;-211164.9
2023-12-01;006.001.003.012;-76748.46
2023-12-01;006.002.001.001;-314376.38
2023-12-01;006.002.002.002;-127286.62
2023-12-01;006.003.001.001;-85342.29
2023-12-01;006.003.002.002;-133266.95
2023-12-01;006.003.003.003;-144459.4
2023-12-01;006.004.001.001;-317981.08
2023-12-01;006.005.001.001;-631896.9
2023-12-01;006.005.002.002;-129201.39
2023-12-01;006.005.003.003;-15872.19
2023-12-01;006.005.004.004;-267834.42
2023-12-01;006.005.005.005;-31590.97
2023-12-01;006.005.006.006;-214768.83
2023-12-01;008.001.001.001;-4296.27
2023-12-01;008.001.002.002;-6774.74
2023-12-01;008.002.001.001;43586.51
2023-12-01;008.002.002.002;57957.96
2023-12-01;008.003.001.001;-5368.46
2023-12-01;010.001.001.001;-610992.08
2023-12-01;010.001.002.002;-626309.03
2024-01-01;001.001.001.001;42350334.23
2024-01-01;001.001.002.002;14990304.44
2024-01-01;001.001.003.003;712799.65
2024-01-01;001.002.001.001;30000
2024-01-01;001.002.002.002;20000
2024-01-01;002.001.001.001;-261439.06
2024-01-01;002.003.001.001;-230216.5
2024-01-01;002.003.002.002;-122495.19
2024-01-01;002.004.001.001;-10458618.9
2024-01-01;002.005.001.001;-4415861.31
2024-01-01;002.005.002.002;-958706.73
2024-01-01;002.005.003.003;-112636.35
2024-01-01;004.001.001.001;-6974369.7
2024-01-01;004.001.001.002;-209231.06
2024-01-01;004.001.001.003;-197607.12
2024-01-01;004.001.001.004;-580941.64
2024-01-01;004.001.001.005;-69743.67
2024-01-01;004.001.001.006;-136417.71
2024-01-01;004.001.002.007;-557949.56
2024-01-01;004.001.002.008;-630762.91
2024-01-01;004.001.002.009;-14913.82
2024-01-01;004.001.003.010;-488205.85
2024-01-01;004.001.003.011;-561019.22
2024-01-01;004.001.003.012;-418462.16
2024-01-01;004.002.001.001;-8461787.41
2024-01-01;004.002.002.002;-3437045.51
2024-01-01;004.002.003.003;-5984344.92
2024-01-01;004.003.001.001;-750342.39
2024-01-01;004.003.002.002;-628092.44
2024-01-01;004.003.003.003;-3908270.32
2024-01-01;004.003.004.004;-31404.35
2024-01-01;006.001.001.001;-1530113.55
2024-01-01;006.001.001.002;-44934.02
2024-01-01;006.001.001.003;-43353.19
2024-01-01;006.001.001.004;-128703.74
2024-01-01;006.001.001.005;-61204.52
2024-01-01;006.001.001.006;-15301.11
2024-01-01;006.001.002.007;-122409.05
2024-01-01;006.001.002.008;-152526.65
2024-01-01;006.001.002.009;-2137.28
2024-01-01;006.001.003.010;-92291.48
2024-01-01;006.001.003.011;-198430.05
2024-01-01;006.001.003.012;-90837.43
2024-01-01;006.002.001.001;-314046.06
2024-01-01;006.002.002.002;-155276.51
2024-01-01;006.003.001.001;-84093.69
2024-01-01;006.003.002.002;-128933.43
2024-01-01;006.003.003.003;-144461.03
2024-01-01;006.004.001.001;-358536.47
2024-01-01;006.005.001.001;-638561.67
2024-01-01;006.005.002.002;-140622
2024-01-01;006.005.003.003;-18667.85
2024-01-01;006.005.004.004;-226640.15
2024-01-01;006.005.005.005;-37685.28
2024-01-01;006.005.006.006;-184588.46
2024-01-01;008.001.001.001;-8512.42
2024-01-01;008.001.002.002;-8076.93
2024-01-01;008.002.001.001;26128.62
2024-01-01;008.002.002.002;88329.09
2024-01-01;008.003.001.001;-9095.83
2024-01-01;010.001.001.001;-778234.99
2024-01-01;010.001.002.002;-672416.51
2024-02-01;001.001.001.001;42949116.73
2024-02-01;001.001.002.002;15838399.38
2024-02-01;001.001.003.003;715471.51
2024-02-01;001.002.001.001;30000
2024-02-01;001.002.002.002;20000
2024-02-01;002.001.001.001;-280072.01
2024-02-01;002.003.001.001;-242112.97
2024-02-01;002.003.002.002;-91066.36
2024-02-01;002.004.001.001;-10719537.78
2024-02-01;002.005.001.001;-4526027.06
2024-02-01;002.005.002.002;-982624.29
2024-02-01;002.005.003.003;-113227.56
2024-02-01;004.001.001.001;-7075769.89
2024-02-01;004.001.001.002;-81322.67
2024-02-01;004.001.001.003;-194583.65
2024-02-01;004.001.001.004;-594663.52
2024-02-01;004.001.001.005;-136232.88
2024-02-01;004.001.001.006;-76040.17
2024-02-01;004.001.002.007;-566061.58
2024-02-01;004.001.002.008;-712859.46
2024-02-01;004.001.002.009;-6737.94
2024-02-01;004.001.003.010;-490021.37
2024-02-01;004.001.003.011;-697011.98
2024-02-01;004.001.003.012;-293595.75
2024-02-01;004.002.001.001;-9206057.49
2024-02-01;004.002.002.002;-3184865.75
2024-02-01;004.002.003.003;-6051245.18
2024-02-01;004.003.001.001;-1075674.65
2024-02-01;004.003.002.002;-955459.53
2024-02-01;004.003.003.003;-3455349.49
2024-02-01;004.003.004.004;-63697.03
2024-02-01;006.001.001.001;-1929966.06
2024-02-01;006.001.001.002;-37487.19
2024-02-01;006.001.001.003;-53166.72
2024-02-01;006.001.001.004;-162253.44
2024-02-01;006.001.001.005;-95386.17
2024-02-01;006.001.001.006;-19299.63
2024-02-01;006.001.002.007;-154397.26
2024-02-01;006.001.002.008;-195220.79
2024-02-01;006.001.002.009;-2327.04
2024-02-01;006.001.003.010;-135097.6
2024-02-01;006.001.003.011;-230483.8
2024-02-01;006.001.003.012;-77198.62
2024-02-01;006.002.001.001;-318486.32
2024-02-01;006.002.002.002;-130399.68
2024-02-01;006.003.001.001;-87372.71
2024-02-01;006.003.002.002;-158641.94
2024-02-01;006.003.003.003;-143919.79
2024-02-01;006.004.001.001;-332548.98
2024-02-01;006.005.001.001;-648030.22
2024-02-01;006.005.002.002;-127694.9
2024-02-01;006.005.003.003;-25478.65
2024-02-01;006.005.004.004;-232974.93
2024-02-01;006.005.005.005;-44888.36
2024-02-01;006.005.006.006;-178352.23
2024-02-01;008.001.001.001;-8057.58
2024-02-01;008.001.002.002;-6618.59
2024-02-01;008.002.001.001;-30663.95
2024-02-01;008.002.002.002;120491.58
2024-02-01;008.003.001.001;-7315.24
2024-02-01;010.001.001.001;-644890.49
2024-02-01;010.001.002.002;-696769.96
2024-03-01;001.001.001.001;52016543.92
2024-03-01;001.001.002.002;19928073.7
2024-03-01;001.001.003.003;954894.07
2024-03-01;001.002.001.001;30000
2024-03-01;001.002.002.002;20000
2024-03-01;002.001.001.001;-361845.3
2024-03-01;002.003.001.001;-292494.33
2024-03-01;002.003.002.002;-163486.5
2024-03-01;002.004.001.001;-13130912.1
2024-03-01;002.005.001.001;-5544162.89
2024-03-01;002.005.002.002;-1203666.95
2024-03-01;002.005.003.003;-149277.3
2024-03-01;004.001.001.001;-9149703.2
2024-03-01;004.001.001.002;-91496.99
2024-03-01;004.001.001.003;-252048.67
2024-03-01;004.001.001.004;-755714.22
2024-03-01;004.001.001.005;-96679.37
2024-03-01;004.001.001.006;-91496.99
2024-03-01;004.001.002.007;-731976.23
2024-03-01;004.001.002.008;-914970.3
2024-03-01;004.001.002.009;-10064.65
2024-03-01;004.001.003.010;-548982.16
2024-03-01;004.001.003.011;-818290.88
2024-03-01;004.001.003.012;-543799.79
2024-03-01;004.002.001.001;-11154919.05
2024-03-01;004.002.002.002;-4242980.99
2024-03-01;004.002.003.003;-7714511.12
2024-03-01;004.003.001.001;-958183.69
2024-03-01;004.003.002.002;-802572.94
2024-03-01;004.003.003.003;-4554202.21
2024-03-01;004.003.004.004;-41684.48
2024-03-01;006.001.001.001;-1903523.57
2024-03-01;006.001.001.002;-19035.2
2024-03-01;006.001.001.003;-52346.88
2024-03-01;006.001.001.004;-160213.21
2024-03-01;006.001.001.005;-95176.15
2024-03-01;006.001.001.006;-19035.2
2024-03-01;006.001.002.007;-152281.87
2024-03-01;006.001.002.008;-245730.58
2024-03-01;006.001.002.009;-1730.42
2024-03-01;006.001.003.010;-132382.89
2024-03-01;006.001.003.011;-263902.09
2024-03-01;006.001.003.012;-112483.93
2024-03-01;006.002.001.001;-385725.25
2024-03-01;006.002.002.002;-154289.93
2024-03-01;006.003.001.001;-112171.36
2024-03-01;006.003.002.002;-184525.57
2024-03-01;006.003.003.003;-173576.23
2024-03-01;006.004.001.001;-410113.68
2024-03-01;006.005.001.001;-790114.71
2024-03-01;006.005.002.002;-162315.69
2024-03-01;006.005.003.003;-19597.18
2024-03-01;006.005.004.004;-234858.46
2024-03-01;006.005.005.005;-54312.5
2024-03-01;006.005.006.006;-232491.27
2024-03-01;008.001.001.001;-9466.79
2024-03-01;008.001.002.002;-3864.32
2024-03-01;008.002.001.001;230984
2024-03-01;008.002.002.002;78082.72
2024-03-01;008.003.001.001;-8633.85
2024-03-01;010.001.001.001;-786150.32
2024-03-01;010.001.002.002;-734308.43
2024-04-01;001.001.001.001;61977024.54
2024-04-01;001.001.002.002;22013725.37
2024-04-01;001.001.003.003;953357.91
2024-04-01;001.002.001.001;30000
2024-04-01;001.002.002.002;20000
2024-04-01;002.001.001.001;-416817.09
2024-04-01;002.003.001.001;-336193.53
2024-04-01;002.003.002.002;-189549.74
2024-04-01;002.004.001.001;-15499629.48
2024-04-01;002.005.001.001;-6459552.2
2024-04-01;002.005.002.002;-1402402.78
2024-04-01;002.005.003.003;-180266.02
2024-04-01;004.001.001.001;-10007383.35
2024-04-01;004.001.001.002;-290048.44
2024-04-01;004.001.001.003;-276512.32
2024-04-01;004.001.001.004;-834410.13
2024-04-01;004.001.001.005;-194608.94
2024-04-01;004.001.001.006;-189974.6
2024-04-01;004.001.002.007;-800590.64
2024-04-01;004.001.002.008;-837552.75
2024-04-01;004.001.002.009;-20804.5
2024-04-01;004.001.003.010;-694978.11
2024-04-01;004.001.003.011;-900664.47
2024-04-01;004.001.003.012;-510542.16
2024-04-01;004.002.001.001;-11578257.99
2024-04-01;004.002.002.002;-5086612.82
2024-04-01;004.002.003.003;-8856337.72
2024-04-01;004.003.001.001;-1416470.86
2024-04-01;004.003.002.002;-1378760.33
2024-04-01;004.003.003.003;-5447673.68
2024-04-01;004.003.004.004;-48951.84
2024-04-01;006.001.001.001;-2736750.04
2024-04-01;006.001.001.002;-79886.99
2024-04-01;006.001.001.003;-77305.72
2024-04-01;006.001.001.004;-230107.61
2024-04-01;006.001.001.005;-134011.61
2024-04-01;006.001.001.006;-27367.46
2024-04-01;006.001.002.007;-218939.97
2024-04-01;006.001.002.008;-367410.67
2024-04-01;006.001.002.009;-3106.24
2024-04-01;006.001.003.010;-187638.88
2024-04-01;006.001.003.011;-382647.61
2024-04-01;006.001.003.012;-109469.96
2024-04-01;006.002.001.001;-459586.46
2024-04-01;006.002.002.002;-183834.31
2024-04-01;006.003.001.001;-128995.45
2024-04-01;006.003.002.002;-206813.68
2024-04-01;006.003.003.003;-214184.83
2024-04-01;006.004.001.001;-538772.07
2024-04-01;006.005.001.001;-955398.32
2024-04-01;006.005.002.002;-201008.12
2024-04-01;006.005.003.003;-28497.23
2024-04-01;006.005.004.004;-316702.9
2024-04-01;006.005.005.005;-47778.84
2024-04-01;006.005.006.006;-303282.5
2024-04-01;008.001.001.001;-8829.23
2024-04-01;008.001.002.002;-8169.36
2024-04-01;008.002.001.001;70747.42
2024-04-01;008.002.002.002;159131.33
2024-04-01;008.003.001.001;-12880.42
2024-04-01;010.001.001.001;-1137461.77
2024-04-01;010.001.002.002;-985400.01
2024-05-01;001.001.001.001;67130875.77
2024-05-01;001.001.002.002;22711934.73
2024-05-01;001.001.003.003;988993.31
2024-05-01;001.002.001.001;30000
2024-05-01;001.002.002.002;20000
2024-05-01;002.001.001.001;-382475.86
2024-05-01;002.003.001.001;-367994.89
2024-05-01;002.003.002.002;-158176.62
2024-05-01;002.004.001.001;-16647088.19
2024-05-01;002.005.001.001;-6907017.09
2024-05-01;002.005.002.002;-1499549.77
2024-05-01;002.005.003.003;-177903.49
2024-05-01;004.001.001.001;-11662480.77
2024-05-01;004.001.001.002;-344528.55
2024-05-01;004.001.001.003;-320718.19
2024-05-01;004.001.001.004;-962600.1
2024-05-01;004.001.001.005;-212356.77
2024-05-01;004.001.001.006;-233249.57
2024-05-01;004.001.002.007;-932998.42
2024-05-01;004.001.002.008;-980129.86
2024-05-01;004.001.002.009;-26639.23
2024-05-01;004.001.003.010;-720641.61
2024-05-01;004.001.003.011;-1070516.04
2024-05-01;004.001.003.012;-502938.97
2024-05-01;004.002.001.001;-13526695.69
2024-05-01;004.002.002.002;-5766342.36
2024-05-01;004.002.003.003;-8872037.89
2024-05-01;004.003.001.001;-2237022.28
2024-05-01;004.003.002.002;-1404962.97
2024-05-01;004.003.003.003;-5671376.86
2024-05-01;004.003.004.004;-58625.22
2024-05-01;006.001.001.001;-2354488.54
2024-05-01;006.001.001.002;-45964.29
2024-05-01;006.001.001.003;-66343.93
2024-05-01;006.001.001.004;-196113.55
2024-05-01;006.001.001.005;-95304.94
2024-05-01;006.001.001.006;-23544.85
2024-05-01;006.001.002.007;-188359.06
2024-05-01;006.001.002.008;-305980.21
2024-05-01;006.001.002.009;-3153.04
2024-05-01;006.001.003.010;-161541.12
2024-05-01;006.001.003.011;-287959.25
2024-05-01;006.001.003.012;-135745.35
2024-05-01;006.002.001.001;-497804.5
2024-05-01;006.002.002.002;-207966.67
2024-05-01;006.003.001.001;-127631.92
2024-05-01;006.003.002.002;-231975.44
2024-05-01;006.003.003.003;-226084.99
2024-05-01;006.004.001.001;-524600.38
2024-05-01;006.005.001.001;-1014966.25
2024-05-01;006.005.002.002;-211374.26
2024-05-01;006.005.003.003;-33657.24
2024-05-01;006.005.004.004;-371224.31
2024-05-01;006.005.005.005;-74062.03
2024-05-01;006.005.006.006;-309852.2
2024-05-01;008.001.001.001;-6891.42
2024-05-01;008.001.002.002;-6655.51
2024-05-01;008.002.001.001;236652.4
2024-05-01;008.002.002.002;44404.24
2024-05-01;008.003.001.001;-11271.07
2024-05-01;010.001.001.001;-1090581.64
2024-05-01;010.001.002.002;-937721.19
2024-06-01;001.001.001.001;63108480.55
2024-06-01;001.001.002.002;22825696.67
2024-06-01;001.001.003.003;923780.19
2024-06-01;001.002.001.001;30000
2024-06-01;001.002.002.002;20000
2024-06-01;002.001.001.001;-456979.19
2024-06-01;002.003.001.001;-342251.23
2024-06-01;002.003.002.002;-161745.99
2024-06-01;002.004.001.001;-15918497.71
2024-06-01;002.005.001.001;-6605004.76
2024-06-01;002.005.002.002;-1433981.3
2024-06-01;002.005.003.003;-167150.94
2024-06-01;004.001.001.001;-11216490.33
2024-06-01;004.001.001.002;-213811.43
2024-06-01;004.001.001.003;-316485.35
2024-06-01;004.001.001.004;-932953.68
2024-06-01;004.001.001.005;-224329.77
2024-06-01;004.001.001.006;-112164.87
2024-06-01;004.001.002.007;-897319.19
2024-06-01;004.001.002.008;-944665.25
2024-06-01;004.001.002.009;-12338.1
2024-06-01;004.001.003.010;-785154.29
2024-06-01;004.001.003.011;-1030529.79
2024-06-01;004.001.003.012;-576606.51
2024-06-01;004.002.001.001;-13260086.68
2024-06-01;004.002.002.002;-4739664.47
2024-06-01;004.002.003.003;-8635667.72
2024-06-01;004.003.001.001;-1589137.22
2024-06-01;004.003.002.002;-935953.88
2024-06-01;004.003.003.003;-6060017.47
2024-06-01;004.003.004.004;-82070.42
2024-06-01;006.001.001.001;-2811048.44
2024-06-01;006.001.001.002;-34826.32
2024-06-01;006.001.001.003;-77748.01
2024-06-01;006.001.001.004;-236596.54
2024-06-01;006.001.001.005;-112441.91
2024-06-01;006.001.001.006;-28110.45
2024-06-01;006.001.002.007;-224883.84
2024-06-01;006.001.002.008;-292941.33
2024-06-01;006.001.002.009;-2945.32
2024-06-01;006.001.003.010;-168662.87
2024-06-01;006.001.003.011;-374994.38
2024-06-01;006.001.003.012;-160771.86
2024-06-01;006.002.001.001;-467976.7
2024-06-01;006.002.002.002;-233988.15
2024-06-01;006.003.001.001;-126353.39
2024-06-01;006.003.002.002;-219510.66
2024-06-01;006.003.003.003;-216122.03
2024-06-01;006.004.001.001;-541310.35
2024-06-01;006.005.001.001;-944874.13
2024-06-01;006.005.002.002;-200975.64
2024-06-01;006.005.003.003;-42187.43
2024-06-01;006.005.004.004;-301576.69
2024-06-01;006.005.005.005;-52883.59
2024-06-01;006.005.006.006;-294018.74
2024-06-01;008.001.001.001;-11933.01
2024-06-01;008.001.002.002;-8451.7
2024-06-01;008.002.001.001;217753.05
2024-06-01;008.002.002.002;130165.04
2024-06-01;008.003.001.001;-12101.49
2024-06-01;010.001.001.001;-1132403.69
2024-06-01;010.001.002.002;-1010755.96
2024-07-01;001.001.001.001;62386962.6
2024-07-01;001.001.002.002;22219699.01
2024-07-01;001.001.003.003;927916.46
2024-07-01;001.002.001.001;30000
2024-07-01;001.002.002.002;20000
2024-07-01;002.001.001.001;-422436.17
2024-07-01;002.003.001.001;-355543.7
2024-07-01;002.003.002.002;-169482.12
2024-07-01;002.004.001.001;-15685036.86
2024-07-01;002.005.001.001;-6504427.93
2024-07-01;002.005.002.002;-1412145.53
2024-07-01;002.005.003.003;-182723.51
2024-07-01;004.001.001.001;-11052126.27
2024-07-01;004.001.001.002;-310404.37
2024-07-01;004.001.001.003;-303933.44
2024-07-01;004.001.001.004;-922773.78
2024-07-01;004.001.001.005;-126524.87
2024-07-01;004.001.001.006;-131680.63
2024-07-01;004.001.002.007;-884170.07
2024-07-01;004.001.002.008;-999847.08
2024-07-01;004.001.002.009;-14315.12
2024-07-01;004.001.003.010;-752489.41
2024-07-01;004.001.003.011;-884170.07
2024-07-01;004.001.003.012;-647123.9
2024-07-01;004.002.001.001;-11886135.4
2024-07-01;004.002.002.002;-4799261.58
2024-07-01;004.002.003.003;-8790717.11
2024-07-01;004.003.001.001;-1790651.39
2024-07-01;004.003.002.002;-1301382.81
2024-07-01;004.003.003.003;-5617646.09
2024-07-01;004.003.004.004;-46262.22
2024-07-01;006.001.001.001;-2162969.7
2024-07-01;006.001.001.002;-29144.31
2024-07-01;006.001.001.003;-60970.98
2024-07-01;006.001.001.004;-178444.97
2024-07-01;006.001.001.005;-88919.3
2024-07-01;006.001.001.006;-21629.66
2024-07-01;006.001.002.007;-173037.55
2024-07-01;006.001.002.008;-264357.42
2024-07-01;006.001.002.009;-2602.85
2024-07-01;006.001.003.010;-147650.52
2024-07-01;006.001.003.011;-276697.95
2024-07-01;006.001.003.012;-127064.59
2024-07-01;006.002.001.001;-462626.36
2024-07-01;006.002.002.002;-231312.94
2024-07-01;006.003.001.001;-103807.62
2024-07-01;006.003.002.002;-187366.91
2024-07-01;006.003.003.003;-213672.83
2024-07-01;006.004.001.001;-501606.66
2024-07-01;006.005.001.001;-951837.45
2024-07-01;006.005.002.002;-188818.51
2024-07-01;006.005.003.003;-23424.2
2024-07-01;006.005.004.004;-368002.69
2024-07-01;006.005.005.005;-51753.46
2024-07-01;006.005.006.006;-241204.09
2024-07-01;008.001.001.001;-15252.25
2024-07-01;008.001.002.002;-12750.63
2024-07-01;008.002.001.001;-71891
2024-07-01;008.002.002.002;112133.07
2024-07-01;008.003.001.001;-9065.46
2024-07-01;010.001.001.001;-940609.98
2024-07-01;010.001.002.002;-936905.02
2024-08-01;001.001.001.001;64171888.15
2024-08-01;001.001.002.002;22635198.29
2024-08-01;001.001.003.003;933219.28
2024-08-01;001.002.001.001;30000
2024-08-01;001.002.002.002;20000
2024-08-01;002.001.001.001;-353682.3
2024-08-01;002.003.001.001;-355172.94
2024-08-01;002.003.002.002;-135290.94
2024-08-01;002.004.001.001;-16077463.75
2024-08-01;002.005.001.001;-6672063.24
2024-08-01;002.005.002.002;-1448540.05
2024-08-01;002.005.003.003;-204068.95
2024-08-01;004.001.001.001;-11195854.36
2024-08-01;004.001.001.002;-137137.66
2024-08-01;004.001.001.003;-315582.11
2024-08-01;004.001.001.004;-931818.61
2024-08-01;004.001.001.005;-125989.2
2024-08-01;004.001.001.006;-131563.43
2024-08-01;004.001.002.007;-895668.31
2024-08-01;004.001.002.008;-906816.77
2024-08-01;004.001.002.009;-15226.34
2024-08-01;004.001.003.010;-677325.45
2024-08-01;004.001.003.011;-988021.94
2024-08-01;004.001.003.012;-579397.6
2024-08-01;004.002.001.001;-12987119.6
2024-08-01;004.002.002.002;-5710353.09
2024-08-01;004.002.003.003;-8312751.13
2024-08-01;004.003.001.001;-1826156.08
2024-08-01;004.003.002.002;-1066112.48
2024-08-01;004.003.003.003;-5460775.88
2024-08-01;004.003.004.004;-92159.31
2024-08-01;006.001.001.001;-1808582
2024-08-01;006.001.001.002;-23433.39
2024-08-01;006.001.001.003;-49828.88
2024-08-01;006.001.001.004;-149727.63
2024-08-01;006.001.001.005;-75461.17
2024-08-01;006.001.001.006;-18085.77
2024-08-01;006.001.002.007;-144686.53
2024-08-01;006.001.002.008;-223758.76
2024-08-01;006.001.002.009;-1714.6
2024-08-01;006.001.003.010;-126600.7
2024-08-01;006.001.003.011;-198055.74
2024-08-01;006.001.003.012;-73458.09
2024-08-01;006.002.001.001;-475862.33
2024-08-01;006.002.002.002;-190344.66
2024-08-01;006.003.001.001;-133122.98
2024-08-01;006.003.002.002;-227692.97
2024-08-01;006.003.003.003;-214137.81
2024-08-01;006.004.001.001;-502485.11
2024-08-01;006.005.001.001;-980093.79
2024-08-01;006.005.002.002;-192029.86
2024-08-01;006.005.003.003;-36143.33
2024-08-01;006.005.004.004;-381527.48
2024-08-01;006.005.005.005;-48729.72
2024-08-01;006.005.006.006;-268338.6
2024-08-01;008.001.001.001;-8834.92
2024-08-01;008.001.002.002;-9349.57
2024-08-01;008.002.001.001;45090.98
2024-08-01;008.002.002.002;96352.83
2024-08-01;008.003.001.001;-9724.43
2024-08-01;010.001.001.001;-1063558.76
2024-08-01;010.001.002.002;-935750.9
2024-09-01;001.001.001.001;77246548.17
2024-09-01;001.001.002.002;26195484.22
2024-09-01;001.001.003.003;1003731.63
2024-09-01;001.002.001.001;30000
2024-09-01;001.002.002.002;20000
2024-09-01;002.001.001.001;-531159.06
2024-09-01;002.003.001.001;-414522.86
2024-09-01;002.003.002.002;-245521.38
2024-09-01;002.004.001.001;-19266968.71
2024-09-01;002.005.001.001;-7941678.06
2024-09-01;002.005.002.002;-1724180.1
2024-09-01;002.005.003.003;-229040.19
2024-09-01;004.001.001.001;-12916095.79
2024-09-01;004.001.001.002;-330208.7
2024-09-01;004.001.001.003;-363341.61
2024-09-01;004.001.001.004;-1065577.86
2024-09-01;004.001.001.005;-155062.33
2024-09-01;004.001.001.006;-134632.26
2024-09-01;004.001.002.007;-1033287.63
2024-09-01;004.001.002.008;-1228864.08
2024-09-01;004.001.002.009;-11288.57
2024-09-01;004.001.003.010;-878225.28
2024-09-01;004.001.003.011;-1044230.31
2024-09-01;004.001.003.012;-738121.65
2024-09-01;004.002.001.001;-14468286.87
2024-09-01;004.002.002.002;-6411409.52
2024-09-01;004.002.003.003;-10353125.5
2024-09-01;004.003.001.001;-2454280.05
2024-09-01;004.003.002.002;-1315198.48
2024-09-01;004.003.003.003;-7349940.33
2024-09-01;004.003.004.004;-74237.74
2024-09-01;006.001.001.001;-2014615.57
2024-09-01;006.001.001.002;-24852.03
2024-09-01;006.001.001.003;-55725.65
2024-09-01;006.001.001.004;-166205.75
2024-09-01;006.001.001.005;-96845.53
2024-09-01;006.001.001.006;-20146.12
2024-09-01;006.001.002.007;-161169.2
2024-09-01;006.001.002.008;-232442.62
2024-09-01;006.001.002.009;-2812.22
2024-09-01;006.001.003.010;-120876.9
2024-09-01;006.001.003.011;-230198.81
2024-09-01;006.001.003.012;-112285.77
2024-09-01;006.002.001.001;-572816.73
2024-09-01;006.002.002.002;-283450.96
2024-09-01;006.003.001.001;-145323.63
2024-09-01;006.003.002.002;-263071.26
2024-09-01;006.003.003.003;-263495.46
2024-09-01;006.004.001.001;-639436.03
2024-09-01;006.005.001.001;-1169996.26
2024-09-01;006.005.002.002;-250688.99
2024-09-01;006.005.003.003;-35718.74
2024-09-01;006.005.004.004;-496544.32
2024-09-01;006.005.005.005;-75274.26
2024-09-01;006.005.006.006;-356093.07
2024-09-01;008.001.001.001;-11910.42
2024-09-01;008.001.002.002;-10953.11
2024-09-01;008.002.001.001;76057.34
2024-09-01;008.002.002.002;167270.62
2024-09-01;008.003.001.001;-10516.36
2024-09-01;010.001.001.001;-1116956.66
2024-09-01;010.001.002.002;-1034508.06
2024-10-01;001.001.001.001;103615232.5
2024-10-01;001.001.002.002;32207850.67
2024-10-01;001.001.003.003;1094355.65
2024-10-01;001.002.001.001;30000
2024-10-01;001.002.002.002;20000
2024-10-01;002.001.001.001;-589299.62
2024-10-01;002.003.001.001;-554220.61
2024-10-01;002.003.002.002;-311541.99
2024-10-01;002.004.001.001;-25557616.9
2024-10-01;002.005.001.001;-10409525.36
2024-10-01;002.005.002.002;-2259962.75
2024-10-01;002.005.003.003;-220618.53
2024-10-01;004.001.001.001;-16579949.54
2024-10-01;004.001.001.002;-328160.14
2024-10-01;004.001.001.003;-455948.56
2024-10-01;004.001.001.004;-1386071.29
2024-10-01;004.001.001.005;-324412.16
2024-10-01;004.001.001.006;-324412.16
2024-10-01;004.001.002.007;-1326395.92
2024-10-01;004.001.002.008;-1670078.33
2024-10-01;004.001.002.009;-28022.23
2024-10-01;004.001.003.010;-1051451.46
2024-10-01;004.001.003.011;-1340769.47
2024-10-01;004.001.003.012;-832436.22
2024-10-01;004.002.001.001;-20444249.72
2024-10-01;004.002.002.002;-8021471.06
2024-10-01;004.002.003.003;-13583077.41
2024-10-01;004.003.001.001;-3849977.13
2024-10-01;004.003.002.002;-2274831.08
2024-10-01;004.003.003.003;-9643083.26
2024-10-01;004.003.004.004;-126933.38
2024-10-01;006.001.001.001;-3137325.41
2024-10-01;006.001.001.002;-44114.94
2024-10-01;006.001.001.003;-88859.61
2024-10-01;006.001.001.004;-262996.35
2024-10-01;006.001.001.005;-156866.21
2024-10-01;006.001.001.006;-31373.2
2024-10-01;006.001.002.007;-250985.98
2024-10-01;006.001.002.008;-314482.09
2024-10-01;006.001.002.009;-3665.28
2024-10-01;006.001.003.010;-207245.8
2024-10-01;006.001.003.011;-384729.06
2024-10-01;006.001.003.012;-171006.06
2024-10-01;006.002.001.001;-768351.99
2024-10-01;006.002.002.002;-311375.92
2024-10-01;006.003.001.001;-184842.76
2024-10-01;006.003.002.002;-351589.68
2024-10-01;006.003.003.003;-351508.9
2024-10-01;006.004.001.001;-888113.03
2024-10-01;006.005.001.001;-1612530.14
2024-10-01;006.005.002.002;-341873.81
2024-10-01;006.005.003.003;-72025.74
2024-10-01;006.005.004.004;-738337.1
2024-10-01;006.005.005.005;-85865.26
2024-10-01;006.005.006.006;-485509.9
2024-10-01;008.001.001.001;-17051.13
2024-10-01;008.001.002.002;-13170
2024-10-01;008.002.001.001;226570.53
2024-10-01;008.002.002.002;194423.54
2024-10-01;008.003.001.001;-22865.92
2024-10-01;010.001.001.001;-1460202.59
2024-10-01;010.001.002.002;-1445841.24
2024-11-01;001.001.001.001;111064723.3
2024-11-01;001.001.002.002;34511515.25
2024-11-01;001.001.003.003;1131310.75
2024-11-01;001.002.001.001;30000
2024-11-01;001.002.002.002;20000
2024-11-01;002.001.001.001;-664467.63
2024-11-01;002.003.001.001;-608071.91
2024-11-01;002.003.002.002;-283101.75
2024-11-01;002.004.001.001;-27483803.02
2024-11-01;002.005.001.001;-11153573.74
2024-11-01;002.005.002.002;-2421499.56
2024-11-01;002.005.003.003;-283664.23
2024-11-01;004.001.001.001;-17112851.44
2024-11-01;004.001.001.002;-398179.24
2024-11-01;004.001.001.003;-475508.59
2024-11-01;004.001.001.004;-1421122.7
2024-11-01;004.001.001.005;-171128.46
2024-11-01;004.001.001.006;-233447.55
2024-11-01;004.001.002.007;-1369028.07
2024-11-01;004.001.002.008;-1648450.37
2024-11-01;004.001.002.009;-25778.65
2024-11-01;004.001.003.010;-1135580.48
2024-11-01;004.001.003.011;-1648966.02
2024-11-01;004.001.003.012;-905073.45
2024-11-01;004.002.001.001;-21610371.31
2024-11-01;004.002.002.002;-9215612.67
2024-11-01;004.002.003.003;-14906047.67
2024-11-01;004.003.001.001;-3562189.91
2024-11-01;004.003.002.002;-1997092.02
2024-11-01;004.003.003.003;-10807219.52
2024-11-01;004.003.004.004;-127859.61
2024-11-01;006.001.001.001;-4459608.98
2024-11-01;006.001.001.002;-60183.28
2024-11-01;006.001.001.003;-125025.36
2024-11-01;006.001.001.004;-370366.17
2024-11-01;006.001.001.005;-208289.52
2024-11-01;006.001.001.006;-44596.04
2024-11-01;006.001.002.007;-356768.67
2024-11-01;006.001.002.008;-462593.09
2024-11-01;006.001.002.009;-5603.45
2024-11-01;006.001.003.010;-311276.23
2024-11-01;006.001.003.011;-634849.75
2024-11-01;006.001.003.012;-209560.67
2024-11-01;006.002.001.001;-823593.21
2024-11-01;006.002.002.002;-409928.24
2024-11-01;006.003.001.001;-230228.62
2024-11-01;006.003.002.002;-367226.45
2024-11-01;006.003.003.003;-370616.63
2024-11-01;006.004.001.001;-874280.79
2024-11-01;006.005.001.001;-1653028.94
2024-11-01;006.005.002.002;-336995.4
2024-11-01;006.005.003.003;-75905.74
2024-11-01;006.005.004.004;-631002.02
2024-11-01;006.005.005.005;-94280.57
2024-11-01;006.005.006.006;-479147.57
2024-11-01;008.001.001.001;-17202.69
2024-11-01;008.001.002.002;-18516.35
2024-11-01;008.002.001.001;58139.1
2024-11-01;008.002.002.002;176224.92
2024-11-01;008.003.001.001;-12664.47
2024-11-01;010.001.001.001;-1711996.31
2024-11-01;010.001.002.002;-1641930.23
2024-12-01;001.001.001.001;126565069
2024-12-01;001.001.002.002;38855335.88
2024-12-01;001.001.003.003;1254783.5
2024-12-01;001.002.001.001;30000
2024-12-01;001.002.002.002;20000
2024-12-01;002.001.001.001;-891998.54
2024-12-01;002.003.001.001;-667181.84
2024-12-01;002.003.002.002;-319595.11
2024-12-01;002.004.001.001;-31320496.7
2024-12-01;002.005.001.001;-12671114.31
2024-12-01;002.005.002.002;-2750965.62
2024-12-01;002.005.003.003;-361794.22
2024-12-01;004.001.001.001;-19387767.19
2024-12-01;004.001.001.002;-449420.94
2024-12-01;004.001.001.003;-543301.8
2024-12-01;004.001.001.004;-1618660.38
2024-12-01;004.001.001.005;-270008.27
2024-12-01;004.001.001.006;-383843.38
2024-12-01;004.001.002.007;-1551021.34
2024-12-01;004.001.002.008;-1702100.02
2024-12-01;004.001.002.009;-43573.41
2024-12-01;004.001.003.010;-1242125.92
2024-12-01;004.001.003.011;-1856004.83
2024-12-01;004.001.003.012;-855553.2
2024-12-01;004.002.001.001;-23207442.69
2024-12-01;004.002.002.002;-10201912.4
2024-12-01;004.002.003.003;-16065995.47
2024-12-01;004.003.001.001;-4133248.92
2024-12-01;004.003.002.002;-1877070.75
2024-12-01;004.003.003.003;-11950002.48
2024-12-01;004.003.004.004;-99791.69
2024-12-01;006.001.001.001;-3106098.28
2024-12-01;006.001.001.002;-73900.65
2024-12-01;006.001.001.003;-87071.47
2024-12-01;006.001.001.004;-260242.06
2024-12-01;006.001.001.005;-135076.69
2024-12-01;006.001.001.006;-31060.92
2024-12-01;006.001.002.007;-248487.81
2024-12-01;006.001.002.008;-398169.63
2024-12-01;006.001.002.009;-3208.74
2024-12-01;006.001.003.010;-186748.13
2024-12-01;006.001.003.011;-441701.82
2024-12-01;006.001.003.012;-174768.44
2024-12-01;006.002.001.001;-938535.12
2024-12-01;006.002.002.002;-377762.92
2024-12-01;006.003.001.001;-217378.92
2024-12-01;006.003.002.002;-458681
2024-12-01;006.003.003.003;-431601.86
2024-12-01;006.004.001.001;-986816.32
2024-12-01;006.005.001.001;-1915569.16
2024-12-01;006.005.002.002;-403757.88
2024-12-01;006.005.003.003;-81825.17
2024-12-01;006.005.004.004;-675817.38
2024-12-01;006.005.005.005;-127145.33
2024-12-01;006.005.006.006;-611143.47
2024-12-01;008.001.001.001;-19737.7
2024-12-01;008.001.002.002;-18312.07
2024-12-01;008.002.001.001;349411.2
2024-12-01;008.002.002.002;219237.51
2024-12-01;008.003.001.001;-25494.94
2024-12-01;010.001.001.001;-1870680.45
2024-12-01;010.001.002.002;-1807787.6
2025-01-01;001.001.001.001;139583550.3
2025-01-01;001.001.002.002;42141976.13
2025-01-01;001.001.003.003;1481048.35
2025-01-01;001.002.001.001;15000
2025-01-01;001.002.002.002;20000
2025-01-01;002.001.001.001;-929571.06
2025-01-01;002.003.001.001;-730355.8
2025-01-01;002.003.002.002;-350154.25
2025-01-01;002.004.001.001;-34449272.71
2025-01-01;002.005.001.001;-13926359.67
2025-01-01;002.005.002.002;-3023485.99
2025-01-01;002.005.003.003;-349380.52
2025-01-01;004.001.001.001;-21347186.12
2025-01-01;004.001.001.002;-466120.83
2025-01-01;004.001.001.003;-587047.57
2025-01-01;004.001.001.004;-1762553.16
2025-01-01;004.001.001.005;-217422.83
2025-01-01;004.001.001.006;-422992.66
2025-01-01;004.001.002.007;-1707774.85
2025-01-01;004.001.002.008;-1918711.06
2025-01-01;004.001.002.009;-47222.47
2025-01-01;004.001.003.010;-1357540.78
2025-01-01;004.001.003.011;-2134718.55
2025-01-01;004.001.003.012;-1146604.58
2025-01-01;004.002.001.001;-27006946.83
2025-01-01;004.002.002.002;-11457409.27
2025-01-01;004.002.003.003;-18380556.77
2025-01-01;004.003.001.001;-5418149.24
2025-01-01;004.003.002.002;-3068315.13
2025-01-01;004.003.003.003;-12431112.8
2025-01-01;004.003.004.004;-199853.93
2025-01-01;006.001.001.001;-3750570.55
2025-01-01;006.001.001.002;-78169.84
2025-01-01;006.001.001.003;-106233.95
2025-01-01;006.001.001.004;-309486.36
2025-01-01;006.001.001.005;-166172.17
2025-01-01;006.001.001.006;-37505.66
2025-01-01;006.001.002.007;-300045.6
2025-01-01;006.001.002.008;-430760.54
2025-01-01;006.001.002.009;-4123.06
2025-01-01;006.001.003.010;-241183.58
2025-01-01;006.001.003.011;-424663.56
2025-01-01;006.001.003.012;-168220.59
2025-01-01;006.002.001.001;-1035072.87
2025-01-01;006.002.002.002;-470424
2025-01-01;006.003.001.001;-262976.52
2025-01-01;006.003.002.002;-478707.07
2025-01-01;006.003.003.003;-477408.48
2025-01-01;006.004.001.001;-1098218.19
2025-01-01;006.005.001.001;-2073682.26
2025-01-01;006.005.002.002;-459639.21
2025-01-01;006.005.003.003;-62976.59
2025-01-01;006.005.004.004;-802619.54
2025-01-01;006.005.005.005;-130753.94
2025-01-01;006.005.006.006;-616565.74
2025-01-01;008.001.001.001;-26667.34
2025-01-01;008.001.002.002;-17070.91
2025-01-01;008.002.001.001;39046.66
2025-01-01;008.002.002.002;326901.85
2025-01-01;008.003.001.001;-16134.22
2025-01-01;010.001.001.001;-2065688.47
2025-01-01;010.001.002.002;-1899082.76
2025-02-01;001.001.001.001;144329462.3
2025-02-01;001.001.002.002;45318460.53
2025-02-01;001.001.003.003;1499482.47
2025-02-01;001.002.001.001;35000
2025-02-01;001.002.002.002;20000
2025-02-01;002.001.001.001;-929026.6
2025-02-01;002.003.001.001;-770226.34
2025-02-01;002.003.002.002;-369892.89
2025-02-01;002.004.001.001;-35934015.66
2025-02-01;002.005.001.001;-14531382.8
2025-02-01;002.005.002.002;-3154839.69
2025-02-01;002.005.003.003;-388098.78
2025-02-01;004.001.001.001;-22609702.68
2025-02-01;004.001.001.002;-369786.03
2025-02-01;004.001.001.003;-633740.87
2025-02-01;004.001.001.004;-1902311.6
2025-02-01;004.001.001.005;-442346.74
2025-02-01;004.001.001.006;-369786.03
2025-02-01;004.001.002.007;-1808776.15
2025-02-01;004.001.002.008;-2298526.78
2025-02-01;004.001.002.009;-43039.98
2025-02-01;004.001.003.010;-1438990.06
2025-02-01;004.001.003.011;-2174532.22
2025-02-01;004.001.003.012;-1350764.88
2025-02-01;004.002.001.001;-27601535.2
2025-02-01;004.002.002.002;-11703266.95
2025-02-01;004.002.003.003;-17859337.84
2025-02-01;004.003.001.001;-6022948.71
2025-02-01;004.003.002.002;-2175467.02
2025-02-01;004.003.003.003;-12405800.83
2025-02-01;004.003.004.004;-214052.69
2025-02-01;006.001.001.001;-4309442.14
2025-02-01;006.001.001.002;-85267.9
2025-02-01;006.001.001.003;-120351.48
2025-02-01;006.001.001.004;-359245.16
2025-02-01;006.001.001.005;-173737.16
2025-02-01;006.001.001.006;-43094.38
2025-02-01;006.001.002.007;-344755.32
2025-02-01;006.001.002.008;-579800.44
2025-02-01;006.001.002.009;-5572.64
2025-02-01;006.001.003.010;-280089.38
2025-02-01;006.001.003.011;-582140.29
2025-02-01;006.001.003.012;-194480.1
2025-02-01;006.002.001.001;-1070265.89
2025-02-01;006.002.002.002;-535132.62
2025-02-01;006.003.001.001;-304581.39
2025-02-01;006.003.002.002;-517530.57
2025-02-01;006.003.003.003;-482665.34
2025-02-01;006.004.001.001;-1247503.04
2025-02-01;006.005.001.001;-2190747.62
2025-02-01;006.005.002.002;-475077.42
2025-02-01;006.005.003.003;-78276.16
2025-02-01;006.005.004.004;-867200.52
2025-02-01;006.005.005.005;-148788.69
2025-02-01;006.005.006.006;-554136.82
2025-02-01;008.001.001.001;-27093.08
2025-02-01;008.001.002.002;-22371.51
2025-02-01;008.002.001.001;-444415.57
2025-02-01;008.002.002.002;245721.74
2025-02-01;008.003.001.001;-21299.91
2025-02-01;010.001.001.001;-2187978.75
2025-02-01;010.001.002.002;-2064985.97
2025-03-01;001.001.001.001;143407633.9
2025-03-01;001.001.002.002;44267778.3
2025-03-01;001.001.003.003;1479915.41
2025-03-01;001.002.001.001;35000
2025-03-01;001.002.002.002;20000
2025-03-01;002.001.001.001;-963278.15
2025-03-01;002.003.001.001;-757778.68
2025-03-01;002.003.002.002;-424637.05
2025-03-01;002.004.001.001;-35599310.21
2025-03-01;002.005.001.001;-14379984.89
2025-03-01;002.005.002.002;-3121970.41
2025-03-01;002.005.003.003;-320439.63
2025-03-01;004.001.001.001;-22458129.41
2025-03-01;004.001.001.002;-449162.53
2025-03-01;004.001.001.003;-617937.71
2025-03-01;004.001.001.004;-1853474.01
2025-03-01;004.001.001.005;-439295.01
2025-03-01;004.001.001.006;-439295.01
2025-03-01;004.001.002.007;-1796650.3
2025-03-01;004.001.002.008;-2080476.71
2025-03-01;004.001.002.009;-45646.96
2025-03-01;004.001.003.010;-1436261.33
2025-03-01;004.001.003.011;-2235945.37
2025-03-01;004.001.003.012;-1032405.97
2025-03-01;004.002.001.001;-28281214.68
2025-03-01;004.002.002.002;-11664778.43
2025-03-01;004.002.003.003;-19188835.69
2025-03-01;004.003.001.001;-4370237.77
2025-03-01;004.003.002.002;-2619482.81
2025-03-01;004.003.003.003;-13889354.65
2025-03-01;004.003.004.004;-160127.52
2025-03-01;006.001.001.001;-3459743.87
2025-03-01;006.001.001.002;-103792.26
2025-03-01;006.001.001.003;-96967.22
2025-03-01;006.001.001.004;-288850.16
2025-03-01;006.001.001.005;-151095.2
2025-03-01;006.001.001.006;-34597.4
2025-03-01;006.001.002.007;-276779.46
2025-03-01;006.001.002.008;-438250.04
2025-03-01;006.001.002.009;-4544.58
2025-03-01;006.001.003.010;-221654.07
2025-03-01;006.001.003.011;-415169.23
2025-03-01;006.001.003.012;-205652.2
2025-03-01;006.002.001.001;-1063430.09
2025-03-01;006.002.002.002;-471152.53
2025-03-01;006.003.001.001;-241017.78
2025-03-01;006.003.002.002;-480218.27
2025-03-01;006.003.003.003;-493755.62
2025-03-01;006.004.001.001;-1131724.7
2025-03-01;006.005.001.001;-2140027.71
2025-03-01;006.005.002.002;-467683.46
2025-03-01;006.005.003.003;-94145.88
2025-03-01;006.005.004.004;-882261.21
2025-03-01;006.005.005.005;-147628.38
2025-03-01;006.005.006.006;-651547.13
2025-03-01;008.001.001.001;-19660.34
2025-03-01;008.001.002.002;-17173.54
2025-03-01;008.002.001.001;315180.43
2025-03-01;008.002.002.002;290351.34
2025-03-01;008.003.001.001;-23729.53
2025-03-01;010.001.001.001;-2016847.95
2025-03-01;010.001.002.002;-1967174.03
